symbol,trades,win_rate_pct,total_pnl_usd
ALPACAUSDT,19,15.79,11.88
LOKAUSDT,44,31.82,10.79
LISTAUSDT,59,22.03,9.24
BMTUSDT,1,100.0,9.05
THEUSDT,63,17.46,9.0
HIFIUSDT,51,21.57,8.47
SAGAUSDT,58,15.52,7.95
SSVUSDT,72,22.22,7.42
SEIUSDT,60,21.67,7.21
XVGUSDT,69,23.19,7.17
COMBOUSDT,9,44.44,7.1
FXSUSDT,70,21.43,6.83
ACXUSDT,57,22.81,6.75
TURBOUSDT,64,21.88,6.63
WLDUSDT,66,16.67,6.35
PEOPLEUSDT,62,19.35,6.33
JASMYUSDT,70,17.14,6.06
LINAUSDT,8,37.5,6.06
LAYERUSDT,49,22.45,6.05
ARBUSDT,60,21.67,5.86
BBUSDT,58,27.59,5.4
TRUMPUSDT,55,16.36,5.27
SYNUSDT,62,17.74,5.22
EPICUSDT,24,20.83,5.19
INJUSDT,81,17.28,5.06
GLMRUSDT,42,23.81,5.06
DOGEUSDT,85,18.82,4.98
NEOUSDT,81,17.28,4.97
PENGUUSDT,50,18.0,4.9
LEVERUSDT,31,25.81,4.83
EOSUSDT,27,18.52,4.79
QTUMUSDT,65,18.46,4.76
IMXUSDT,78,19.23,4.72
NEARUSDT,72,20.83,4.72
XLMUSDT,70,21.43,4.71
FETUSDT,82,13.41,4.67
ANIMEUSDT,57,21.05,4.43
DOGSUSDT,57,24.56,4.3
WIFUSDT,60,15.0,4.28
RONINUSDT,60,18.33,4.24
AIUSDT,67,19.4,4.21
PYTHUSDT,69,17.39,4.01
ORDIUSDT,51,23.53,3.84
ONGUSDT,61,18.03,3.84
AXSUSDT,70,17.14,3.78
BIOUSDT,43,27.91,3.71
NEIROUSDT,52,19.23,3.69
WOOUSDT,63,17.46,3.58
WUSDT,68,22.06,3.55
NOTUSDT,53,18.87,3.4
PHBUSDT,73,19.18,3.4
PERPUSDT,74,13.51,3.34
JUPUSDT,74,16.22,3.25
SANTOSUSDT,58,17.24,3.24
ALGOUSDT,79,17.72,3.14
ONEUSDT,78,15.38,3.11
BADGERUSDT,14,21.43,3.09
FIDAUSDT,74,20.27,2.97
1MBABYDOGEUSDT,61,19.67,2.92
RIFUSDT,83,16.87,2.92
1000SATSUSDT,61,14.75,2.92
VANRYUSDT,68,20.59,2.92
SUPERUSDT,75,14.67,2.92
BNTUSDT,84,14.29,2.86
GHSTUSDT,87,17.24,2.75
ARUSDT,71,16.9,2.71
FILUSDT,70,21.43,2.52
ONTUSDT,63,17.46,2.49
AAVEUSDT,66,19.7,2.49
BROCCOLI714USDT,47,25.53,2.47
IOTAUSDT,83,18.07,2.47
BNXUSDT,4,25.0,2.44
SANDUSDT,72,18.06,2.41
ARKMUSDT,67,17.91,2.37
TWTUSDT,87,12.64,2.29
GASUSDT,69,17.39,2.28
SCRTUSDT,71,15.49,2.27
ALICEUSDT,69,17.39,2.25
CELOUSDT,72,19.44,2.22
UMAUSDT,66,16.67,2.21
API3USDT,55,20.0,2.13
PORTALUSDT,58,13.79,2.13
SUNUSDT,82,12.2,1.97
CAKEUSDT,87,16.09,1.97
BERAUSDT,52,19.23,1.91
FLOWUSDT,68,20.59,1.87
GRTUSDT,85,12.94,1.86
EIGENUSDT,65,20.0,1.74
TONUSDT,57,14.04,1.73
FTTUSDT,52,21.15,1.68
SUIUSDT,57,21.05,1.68
ZKUSDT,60,18.33,1.68
ICPUSDT,73,12.33,1.67
BSWUSDT,33,21.21,1.63
BICOUSDT,71,16.9,1.59
TLMUSDT,77,19.48,1.59
ROSEUSDT,81,13.58,1.59
ETHFIUSDT,72,15.28,1.57
TRBUSDT,77,16.88,1.56
WAXPUSDT,72,13.89,1.56
STPTUSDT,28,25.0,1.55
CFXUSDT,79,17.72,1.53
MEMEUSDT,57,21.05,1.53
EGLDUSDT,82,12.2,1.51
KSMUSDT,73,19.18,1.5
DIAUSDT,78,15.38,1.49
SOLVUSDT,58,15.52,1.48
AERGOUSDT,5,20.0,1.41
KNCUSDT,79,12.66,1.4
ZRXUSDT,77,12.99,1.39
NULSUSDT,16,31.25,1.36
VETUSDT,77,12.99,1.32
ZENUSDT,69,13.04,1.31
DEXEUSDT,53,15.09,1.28
DASHUSDT,75,14.67,1.27
SHELLUSDT,58,15.52,1.26
ANKRUSDT,86,9.3,1.21
GALAUSDT,71,18.31,1.15
CGPTUSDT,70,11.43,1.15
HIVEUSDT,77,19.48,1.13
EDUUSDT,69,15.94,1.11
IDUSDT,62,20.97,1.07
LQTYUSDT,59,13.56,1.06
STGUSDT,64,15.62,1.03
ASTRUSDT,68,17.65,1.01
BELUSDT,57,21.05,0.99
XRPUSDT,74,17.57,0.97
TNSRUSDT,66,13.64,0.95
OMNIUSDT,57,17.54,0.95
AVAXUSDT,88,13.64,0.89
COSUSDT,77,16.88,0.88
SOLUSDT,69,23.19,0.86
SPELLUSDT,81,12.35,0.86
NFPUSDT,67,19.4,0.83
MOVRUSDT,67,14.93,0.8
ALTUSDT,67,14.93,0.79
ADAUSDT,75,17.33,0.7
COTIUSDT,77,12.99,0.64
APEUSDT,83,15.66,0.62
AEVOUSDT,61,14.75,0.61
TROYUSDT,15,13.33,0.51
ALPHAUSDT,40,20.0,0.51
RAREUSDT,67,16.42,0.46
CTSIUSDT,69,17.39,0.44
CHZUSDT,82,17.07,0.43
CKBUSDT,75,20.0,0.42
BOMEUSDT,72,12.5,0.39
STEEMUSDT,74,10.81,0.37
LINKUSDT,73,13.7,0.33
SUSHIUSDT,80,16.25,0.33
OMUSDT,10,30.0,0.32
CHESSUSDT,73,15.07,0.28
BNBUSDT,93,13.98,0.25
MAVUSDT,62,16.13,0.22
SYSUSDT,85,12.94,0.21
REIUSDT,80,11.25,0.2
DGBUSDT,59,15.25,0.18
POLUSDT,60,18.33,0.16
FIOUSDT,70,17.14,0.16
GTCUSDT,67,14.93,0.07
DENTUSDT,78,15.38,0.07
COOKIEUSDT,59,13.56,0.04
KDAUSDT,63,14.29,-0.03
THETAUSDT,83,12.05,-0.04
DEGOUSDT,36,22.22,-0.08
ACEUSDT,59,18.64,-0.08
FORMUSDT,53,16.98,-0.12
PAXGUSDT,45,8.89,-0.13
CVXUSDT,76,13.16,-0.17
CTKUSDT,82,17.07,-0.18
LSKUSDT,75,13.33,-0.18
AGLDUSDT,76,11.84,-0.18
TRXUSDT,87,11.49,-0.19
FLUXUSDT,74,20.27,-0.2
STRAXUSDT,47,17.02,-0.26
DUSDT,67,17.91,-0.29
CYBERUSDT,60,18.33,-0.3
RSRUSDT,88,14.77,-0.35
BEAMXUSDT,67,19.4,-0.39
C98USDT,80,13.75,-0.44
IOUSDT,57,15.79,-0.45
HOTUSDT,77,16.88,-0.45
ETCUSDT,67,17.91,-0.46
HBARUSDT,84,14.29,-0.49
POLYXUSDT,77,12.99,-0.52
PIXELUSDT,65,12.31,-0.53
ZILUSDT,87,11.49,-0.58
ENSUSDT,76,13.16,-0.59
DYMUSDT,54,18.52,-0.68
MBOXUSDT,83,12.05,-0.69
STORJUSDT,79,13.92,-0.7
LDOUSDT,64,14.06,-0.71
SFPUSDT,78,17.95,-0.73
1INCHUSDT,82,14.63,-0.74
STXUSDT,82,15.85,-0.76
YGGUSDT,66,15.15,-0.85
STRKUSDT,66,15.15,-0.91
PHAUSDT,69,17.39,-0.97
RVNUSDT,76,14.47,-1.01
GPSUSDT,55,18.18,-1.04
YFIUSDT,72,13.89,-1.08
SKLUSDT,72,11.11,-1.1
1000CATUSDT,54,18.52,-1.1
NMRUSDT,73,15.07,-1.11
DUSKUSDT,85,10.59,-1.12
MEUSDT,66,24.24,-1.19
SCUSDT,53,22.64,-1.25
POWRUSDT,75,13.33,-1.36
IOSTUSDT,70,11.43,-1.37
XAIUSDT,70,15.71,-1.38
CVCUSDT,81,12.35,-1.45
BTCUSDT,88,9.09,-1.45
ILVUSDT,80,16.25,-1.51
XTZUSDT,65,16.92,-1.52
ICXUSDT,80,10.0,-1.53
PARTIUSDT,37,10.81,-1.53
CHRUSDT,85,10.59,-1.55
MINAUSDT,84,11.9,-1.56
ARPAUSDT,84,14.29,-1.57
COWUSDT,71,14.08,-1.59
TUSDT,68,11.76,-1.63
BANDUSDT,68,13.24,-1.63
ENJUSDT,85,12.94,-1.65
MOVEUSDT,52,13.46,-1.66
XVSUSDT,98,11.22,-1.68
MAGICUSDT,60,11.67,-1.7
GUSDT,74,6.76,-1.7
HFTUSDT,63,12.7,-1.74
FUNUSDT,16,0.0,-1.76
TAOUSDT,66,16.67,-1.95
1000CHEEMSUSDT,55,12.73,-1.97
VTHOUSDT,82,13.41,-2.1
MKRUSDT,70,12.86,-2.1
MLNUSDT,20,15.0,-2.12
GLMUSDT,73,16.44,-2.14
MANAUSDT,85,12.94,-2.17
TRUUSDT,77,12.99,-2.27
BALUSDT,18,11.11,-2.28
SCRUSDT,65,13.85,-2.3
MTLUSDT,78,11.54,-2.32
LUMIAUSDT,75,10.67,-2.34
ETHUSDT,78,14.1,-2.37
JOEUSDT,85,9.41,-2.37
RDNTUSDT,70,10.0,-2.38
ZROUSDT,64,15.62,-2.39
ACHUSDT,75,13.33,-2.48
RPLUSDT,72,12.5,-2.49
DOTUSDT,78,14.1,-2.5
ATAUSDT,70,12.86,-2.5
RENDERUSDT,76,10.53,-2.61
PROMUSDT,71,5.63,-2.65
MANTAUSDT,70,11.43,-2.74
TSTUSDT,51,11.76,-2.91
LRCUSDT,78,10.26,-3.0
DYDXUSDT,78,15.38,-3.01
SXPUSDT,83,9.64,-3.02
BATUSDT,83,14.46,-3.04
AUCTIONUSDT,70,11.43,-3.08
KAVAUSDT,69,11.59,-3.09
BANANAUSDT,63,15.87,-3.1
BLURUSDT,75,13.33,-3.13
OPUSDT,75,10.67,-3.21
HOOKUSDT,81,11.11,-3.23
USTCUSDT,72,15.28,-3.25
ATOMUSDT,92,7.61,-3.28
HMSTRUSDT,62,8.06,-3.29
RUNEUSDT,81,12.35,-3.29
SNTUSDT,17,5.88,-3.31
QNTUSDT,81,17.28,-3.31
HIGHUSDT,83,10.84,-3.35
RAYUSDT,52,17.31,-3.37
VANAUSDT,65,13.85,-3.44
HEIUSDT,66,13.64,-3.48
SLPUSDT,75,16.0,-3.49
LTCUSDT,89,11.24,-3.56
CELRUSDT,89,11.24,-3.74
ENAUSDT,65,13.85,-3.76
OGNUSDT,75,8.0,-3.77
JTOUSDT,66,9.09,-3.84
NTRNUSDT,63,12.7,-3.95
DFUSDT,57,14.04,-3.95
KAITOUSDT,52,19.23,-4.02
METISUSDT,71,11.27,-4.03
GMXUSDT,66,15.15,-4.05
KAIAUSDT,63,19.05,-4.07
VICUSDT,61,11.48,-4.07
SNXUSDT,75,10.67,-4.09
BCHUSDT,75,17.33,-4.36
RADUSDT,58,12.07,-4.42
ACTUSDT,60,11.67,-4.47
LPTUSDT,75,14.67,-4.47
ARKUSDT,72,15.28,-4.54
GMTUSDT,83,9.64,-4.6
MDTUSDT,56,8.93,-4.93
MASKUSDT,89,6.74,-5.0
VIDTUSDT,11,18.18,-5.04
VOXELUSDT,72,12.5,-5.06
NKNUSDT,79,11.39,-5.25
ZECUSDT,86,8.14,-5.35
PENDLEUSDT,73,9.59,-5.38
USUALUSDT,64,15.62,-5.41
APTUSDT,80,10.0,-5.43
TIAUSDT,77,12.99,-5.71
UNIUSDT,85,11.76,-5.83
RLCUSDT,73,9.59,-5.93
AXLUSDT,77,11.69,-5.97
REZUSDT,55,18.18,-6.07
ORCAUSDT,75,13.33,-6.07
OXTUSDT,82,8.54,-6.35
NILUSDT,51,11.76,-6.36
IOTXUSDT,80,10.0,-6.44
CRVUSDT,70,18.57,-6.5
REDUSDT,55,12.73,-6.62
BANANAS31USDT,54,3.7,-6.75
COMPUSDT,77,10.39,-6.77
CETUSUSDT,75,14.67,-6.91
TUTUSDT,61,11.48,-7.02
CATIUSDT,59,6.78,-7.03
AVAUSDT,88,10.23,-7.14
SUSDT,70,5.71,-7.27
BAKEUSDT,74,9.46,-7.43
IDEXUSDT,63,6.35,-7.45
VELODROMEUSDT,77,7.79,-7.97
AIXBTUSDT,69,11.59,-8.03
PNUTUSDT,67,11.94,-8.67
QUICKUSDT,71,11.27,-8.92
MUBARAKUSDT,51,9.8,-11.26
FLMUSDT,79,8.86,-11.7
