key_value,atr_period,leverage,total_return_pct,max_drawdown_pct,sharpe_ratio,trades,win_rate
8,10,1,6.292733333754644,15.53883869760622,0.19242755349432325,198,38.38383838383838
8,10,3,4.892574363064152,17.123403188134866,0.15819738445298284,198,38.38383838383838
8,10,5,4.892574363064152,17.123403188134866,0.15819738445298284,198,38.38383838383838
8,14,1,2.114195520516805,10.789161726218461,0.0964868994024673,191,38.21989528795812
8,14,3,2.7792837604244562,10.75558382905869,0.11124972219118331,191,38.21989528795812
8,14,5,2.7792837604244562,10.75558382905869,0.11124972219118331,191,38.21989528795812
8,20,1,-13.751774276683282,24.56677634488052,-0.317993594192791,193,35.233160621761655
8,20,3,-13.982153748873708,24.12994358786664,-0.30109143449619946,193,35.233160621761655
8,20,5,-13.982153748873708,24.12994358786664,-0.30109143449619946,193,35.233160621761655
10,10,1,10.414836799130542,13.587790527379243,0.316565680007345,146,39.726027397260275
10,10,3,9.206855506425956,14.443045382295377,0.2771412589858833,146,39.726027397260275
10,10,5,9.206855506425956,14.443045382295377,0.2771412589858833,146,39.726027397260275
10,14,1,11.167422740723822,12.296697876605947,0.3379812885146535,137,40.87591240875913
10,14,3,13.426037107690252,12.528437260781006,0.37944072600619067,137,40.87591240875913
10,14,5,13.426037107690252,12.528437260781006,0.37944072600619067,137,40.87591240875913
10,20,1,5.847108729736603,20.85657097631042,0.2034747005265142,131,38.93129770992366
10,20,3,4.3615855685469,22.893711342165776,0.15933383031819295,131,38.93129770992366
10,20,5,4.3615855685469,22.893711342165776,0.15933383031819295,131,38.93129770992366
12,10,1,16.355803611085257,13.000318191364352,0.49906902739683645,116,42.241379310344826
12,10,3,16.864968159290207,12.419633953560826,0.49233427658303486,116,42.241379310344826
12,10,5,16.864968159290207,12.419633953560826,0.49233427658303486,116,42.241379310344826
12,14,1,32.731805261571715,12.26532397736812,0.9516151624433268,107,46.728971962616825
12,14,3,33.19646923251896,13.511296621687723,0.9274363601773519,107,46.728971962616825
12,14,5,33.19646923251896,13.511296621687723,0.9274363601773519,107,46.728971962616825
12,20,1,12.044952995904998,14.214253323203438,0.42177415575415494,103,41.74757281553398
12,20,3,12.478227394627597,15.413660543894657,0.4153313789673169,103,41.74757281553398
12,20,5,12.478227394627597,15.413660543894657,0.4153313789673169,103,41.74757281553398
15,10,1,20.404464483156524,11.381155229233746,0.6505353767628119,90,44.44444444444444
15,10,3,20.077447072789468,11.746661307336357,0.6237188847294323,90,44.44444444444444
15,10,5,20.059233152897665,11.746661307336357,0.6231788455510424,90,44.44444444444444
15,14,1,20.655481686413303,13.024433217202516,0.6912525362224468,87,44.827586206896555
15,14,3,20.302797243924374,13.774823822269939,0.6549117881078458,87,44.827586206896555
15,14,5,19.569485585100715,13.774823822269925,0.6321647487663231,87,44.827586206896555
15,20,1,1.4629934066671995,16.243863172932762,0.08435558978597002,75,38.666666666666664
15,20,3,1.563487827068442,18.055699984743622,0.08666597971746985,75,38.666666666666664
15,20,5,1.563487827068442,18.055699984743622,0.08666597971746985,75,38.666666666666664
