entry_time,exit_time,side,entry_price,exit_price,quantity,notional,pnl,pnl_pct,commission,slippage_cost,funding_cost,exit_reason,stop_loss,take_profit,max_favorable_pct,max_adverse_pct
2021-01-01 16:00:00+00:00,2021-01-01 18:00:00+00:00,LONG,29327.1424,28868.2297,2.19285938,64310.3,-1085.11,-1.5648,64.3103,12.8621,1.6078,STOP_LOSS,28871.1168,30239.1936,0.1411,2.3869
2021-01-11 06:00:00+00:00,2021-01-11 08:00:00+00:00,SHORT,32921.2275,34921.8212,0.49529218,16305.63,-1010.85,-6.0769,16.3056,3.2611,0.4076,STOP_LOSS,34918.3293,28927.024,0.9757,9.03
2021-01-29 09:00:00+00:00,2021-01-29 18:00:00+00:00,LONG,37048.0944,35382.6587,0.58911009,21825.41,-1009.77,-4.4953,21.8254,4.3651,2.4554,STOP_LOSS,35386.1973,40371.8887,4.2998,6.543
2021-02-23 05:00:00+00:00,2021-02-23 09:00:00+00:00,SHORT,49955.124,45405.8736,0.42555433,21258.62,1909.38,9.1067,21.2586,4.2517,1.0629,TAKE_PROFIT,52232.0193,45401.3334,10.1317,2.6229
2021-03-09 13:00:00+00:00,2021-03-09 18:00:00+00:00,LONG,54817.8712,53783.9716,0.96063834,52660.15,-1059.69,-1.8861,52.6601,10.532,3.2913,STOP_LOSS,53789.3505,56874.9127,0.0,2.125
2021-03-23 06:00:00+00:00,2021-03-23 09:00:00+00:00,SHORT,53358.5736,54582.5347,0.80216403,42802.33,-1034.79,-2.2938,42.8023,8.5605,1.6051,STOP_LOSS,54577.077,50921.5669,0.0017,2.6021
2021-04-10 04:00:00+00:00,2021-04-10 12:00:00+00:00,LONG,61258.2552,60424.5799,1.16850416,71580.53,-1067.21,-1.3609,71.5805,14.3161,7.1581,STOP_LOSS,60430.623,62913.5197,0.4844,2.0166
2021-04-18 03:00:00+00:00,2021-04-19 00:00:00+00:00,SHORT,54843.9751,56746.8879,0.50411138,27647.47,-999.71,-3.4697,27.6475,5.5295,7.2575,STOP_LOSS,56741.2138,51049.4975,3.1799,3.6515
2021-04-30 15:00:00+00:00,2021-05-02 04:00:00+00:00,LONG,57143.9438,56203.8121,1.01274646,57872.33,-1048.33,-1.6452,57.8723,11.5745,26.766,STOP_LOSS,56209.433,59012.9654,2.3524,1.6519
2021-05-12 23:00:00+00:00,2021-05-13 00:00:00+00:00,SHORT,49590.8004,46087.0774,0.53355237,26459.29,1837.34,7.0653,26.4593,5.2919,0.3307,TAKE_PROFIT,51344.9661,46082.4692,8.0549,1.7604
2021-06-14 04:00:00+00:00,2021-06-14 14:00:00+00:00,LONG,39248.2044,40900.8298,1.15205347,45216.03,1844.0,4.2107,45.216,9.0432,5.652,TAKE_PROFIT,38419.8465,40904.9203,4.4634,1.1675
2021-06-20 09:00:00+00:00,2021-06-20 10:00:00+00:00,SHORT,34973.7823,33706.8092,1.53147973,53561.64,1875.4,3.6226,53.5616,10.7123,0.6695,TAKE_PROFIT,35608.954,33703.4388,3.7851,0.0721
2021-07-23 22:00:00+00:00,2021-07-24 11:00:00+00:00,LONG,33120.5717,33952.0693,2.37517021,78667.0,1867.76,2.5105,78.667,15.7334,12.7834,TAKE_PROFIT,32703.1252,33955.4648,2.9572,0.1829
2021-09-07 14:00:00+00:00,2021-09-07 15:00:00+00:00,SHORT,47328.5867,45185.4792,0.94074522,44524.14,1962.13,4.5281,44.5241,8.9048,0.5566,TAKE_PROFIT,48402.3995,45180.9611,11.0728,1.7705
2021-10-01 10:00:00+00:00,2021-10-03 17:00:00+00:00,LONG,47091.2687,48973.3892,1.09146322,51398.39,1957.25,3.9968,51.3984,10.2797,35.3364,TAKE_PROFIT,46147.7595,48978.2871,4.6991,0.7107
2021-10-27 08:00:00+00:00,2021-10-28 08:00:00+00:00,SHORT,59252.3042,60336.6507,0.97316611,57662.33,-1141.74,-1.83,57.6623,11.5325,17.2987,STOP_LOSS,60330.6176,57095.6773,1.9447,2.4318
2021-11-08 06:00:00+00:00,2021-11-08 23:00:00+00:00,LONG,65984.8778,67524.3727,1.34255395,88588.26,1941.72,2.3331,88.5883,17.7177,18.825,TAKE_PROFIT,65211.7538,67531.1258,2.9522,1.1357
2021-11-16 03:00:00+00:00,2021-11-16 10:00:00+00:00,SHORT,60937.5956,58774.2834,0.97490617,59408.44,2032.54,3.55,59.4084,11.8817,5.1982,TAKE_PROFIT,62022.1902,58768.4065,4.1689,1.0265
2021-12-24 18:00:00+00:00,2021-12-24 20:00:00+00:00,LONG,51587.2582,50970.3751,1.76157026,90874.58,-1198.0,-1.1958,90.8746,18.1749,2.2719,STOP_LOSS,50975.4726,52810.8294,0.4221,1.568
2021-12-29 12:00:00+00:00,2021-12-29 14:00:00+00:00,SHORT,46805.319,47490.3795,1.56652156,73321.54,-1162.98,-1.4636,73.3215,14.6643,1.833,STOP_LOSS,47485.6309,45444.6952,0.5253,2.3181
2022-02-04 16:00:00+00:00,2022-02-05 00:00:00+00:00,LONG,40253.0749,41914.1864,1.2659477,50958.29,2036.63,4.1267,50.9583,10.1917,5.0958,TAKE_PROFIT,39420.4233,41918.3782,4.1461,0.241
2022-02-17 21:00:00+00:00,2022-02-20 06:00:00+00:00,SHORT,40639.3357,39179.3543,1.46794256,59656.21,2029.08,3.5925,59.6562,11.9312,42.5051,TAKE_PROFIT,41371.2851,39175.4367,4.8557,0.7499
2022-02-28 20:00:00+00:00,2022-02-28 22:00:00+00:00,LONG,41886.1882,43798.9833,1.14204528,47835.92,2125.9,4.5666,47.8359,9.5672,1.1959,TAKE_PROFIT,40927.6005,43803.3636,5.8607,0.9697
2022-03-06 10:00:00+00:00,2022-03-06 13:00:00+00:00,SHORT,38236.276,38767.1649,2.11761478,80969.7,-1224.42,-1.3884,80.9697,16.1939,3.0364,STOP_LOSS,38763.2885,37182.2509,0.4715,2.0968
2022-03-09 15:00:00+00:00,2022-03-09 20:00:00+00:00,LONG,42513.2509,41720.9239,1.40044296,59537.38,-1184.77,-1.8637,59.5374,11.9075,3.7211,STOP_LOSS,41725.0964,44089.5598,0.0911,1.9579
2022-04-06 16:00:00+00:00,2022-04-08 18:00:00+00:00,SHORT,43768.4227,42425.3696,1.62090323,70944.38,2047.49,3.0685,70.9444,14.1889,44.3402,TAKE_PROFIT,44442.0703,42421.1275,3.3591,1.209
2022-04-21 11:00:00+00:00,2022-04-21 16:00:00+00:00,LONG,42422.2418,41918.2096,2.22549715,94410.58,-1240.92,-1.1881,94.4106,18.8821,5.9007,STOP_LOSS,41922.4018,43421.9218,1.2818,1.4668
2022-04-25 07:00:00+00:00,2022-04-25 11:00:00+00:00,SHORT,38433.3563,38913.5371,2.30948298,88761.18,-1219.92,-1.2494,88.7612,17.7522,4.4381,STOP_LOSS,38909.6461,37480.7766,0.6852,1.3182
2022-05-30 08:00:00+00:00,2022-05-30 12:00:00+00:00,LONG,30722.772,30377.6444,3.17982342,97692.99,-1219.56,-1.1234,97.693,19.5386,4.8846,STOP_LOSS,30380.6825,31406.9509,0.7871,1.2094
2022-06-11 11:00:00+00:00,2022-06-12 02:00:00+00:00,SHORT,28721.0276,27980.9764,2.89584675,83171.69,2027.67,2.5767,83.1717,16.6343,15.5947,TAKE_PROFIT,29092.4521,27978.1786,5.0027,0.5027
2022-07-07 14:00:00+00:00,2022-07-07 19:00:00+00:00,LONG,20910.7909,21483.5006,3.81264501,79725.42,2082.89,2.7388,79.7254,15.9451,4.9828,TAKE_PROFIT,20623.3617,21485.6491,4.3959,0.4524
2022-07-12 23:00:00+00:00,2022-07-13 07:00:00+00:00,SHORT,19320.9677,19622.7095,3.72504882,71971.55,-1217.57,-1.5617,71.9715,14.3943,7.1972,STOP_LOSS,19620.7474,18721.4083,0.3156,2.9452
2022-07-17 06:00:00+00:00,2022-07-17 10:00:00+00:00,LONG,21568.4566,21254.5238,3.54231214,76402.21,-1207.55,-1.4555,76.4022,15.2804,3.8201,STOP_LOSS,21256.6494,22192.071,0.4898,1.6615
2022-08-19 01:00:00+00:00,2022-08-19 06:00:00+00:00,SHORT,22748.9249,22260.6689,4.45457038,101336.69,2047.03,2.1463,101.3367,20.2673,6.3335,TAKE_PROFIT,22994.1658,22258.443,6.7209,0.3423
2022-09-09 05:00:00+00:00,2022-09-09 10:00:00+00:00,LONG,20528.3526,21148.679,3.57596148,73408.6,2125.58,3.0218,73.4086,14.6817,4.588,TAKE_PROFIT,20217.1319,21150.794,3.2133,0.2726
2022-09-14 18:00:00+00:00,2022-09-14 21:00:00+00:00,SHORT,19764.1234,20111.9564,3.27963224,64819.06,-1220.98,-1.7599,64.8191,12.9638,2.4307,STOP_LOSS,20109.9454,19072.4793,0.3093,2.3066
2022-10-04 20:00:00+00:00,2022-10-05 08:00:00+00:00,LONG,20324.7323,20065.3863,4.35984532,88612.69,-1250.34,-1.276,88.6127,17.7225,13.2919,STOP_LOSS,20067.393,20839.4108,0.3457,1.5839
2022-10-13 12:00:00+00:00,2022-10-13 15:00:00+00:00,SHORT,18376.0622,18643.8244,4.17248744,76673.89,-1212.12,-1.4571,76.6739,15.3348,2.8753,STOP_LOSS,18641.9602,17844.2663,0.618,3.6332
2022-10-25 15:00:00+00:00,2022-10-25 17:00:00+00:00,LONG,19742.274,20025.7857,5.55829985,109733.48,1441.42,1.4361,109.7335,21.9467,2.7433,TAKE_PROFIT,19599.5168,20027.7885,2.2638,0.1539
2022-11-08 03:00:00+00:00,2022-11-08 04:00:00+00:00,SHORT,20138.5859,19660.0589,4.62753593,93192.03,2101.41,2.3762,93.192,18.6384,1.1649,TAKE_PROFIT,20378.8324,19658.0931,3.0369,0.4788
2022-11-30 20:00:00+00:00,2022-12-01 15:00:00+00:00,LONG,17092.6091,16919.5336,6.60952899,112974.1,-1306.35,-1.0126,112.9741,22.5948,26.8313,STOP_LOSS,16921.2258,17435.3757,1.4971,1.2023
2022-12-16 10:00:00+00:00,2022-12-16 23:00:00+00:00,SHORT,16982.4016,16636.3315,6.43998493,109366.41,2079.67,2.0378,109.3664,21.8733,17.772,TAKE_PROFIT,17156.2684,16634.668,2.7164,0.5564
2023-01-04 18:00:00+00:00,2023-01-04 19:00:00+00:00,LONG,16943.6942,16855.9752,6.73109595,114049.63,-728.73,-0.5177,114.0496,22.8099,1.4256,STOP_LOSS,16857.661,17115.7606,0.2414,0.9797
2023-02-09 19:00:00+00:00,2023-02-10 15:00:00+00:00,SHORT,22025.0973,21496.664,4.27156397,94081.61,2120.82,2.3992,94.0816,18.8163,23.5204,TAKE_PROFIT,22290.3886,21494.5146,2.4567,0.2243
2023-02-15 12:00:00+00:00,2023-02-15 19:00:00+00:00,LONG,22765.8764,23219.5155,5.06366327,115278.73,2148.65,1.9926,115.2787,23.0557,10.0869,TAKE_PROFIT,22537.8957,23221.8376,2.5469,0.6807
2023-02-24 15:00:00+00:00,2023-02-25 20:00:00+00:00,SHORT,23334.8663,22743.3019,3.96034854,92414.2,2198.4,2.5351,92.4142,18.4828,33.5001,TAKE_PROFIT,23631.7855,22741.0278,2.7207,0.019
2023-03-12 23:00:00+00:00,2023-03-13 14:00:00+00:00,LONG,21988.3986,22894.5347,2.63728269,57989.62,2309.28,4.121,57.9896,11.5979,10.8731,TAKE_PROFIT,21534.1857,22896.8244,7.1474,0.8386
2023-04-19 08:00:00+00:00,2023-04-20 12:00:00+00:00,SHORT,29145.0852,28393.7239,3.23781458,94366.38,2286.5,2.578,94.3664,18.8733,33.0282,TAKE_PROFIT,29522.1854,28390.8848,2.8996,1.1834
2023-04-26 12:00:00+00:00,2023-04-26 14:00:00+00:00,LONG,29957.9955,29540.1443,2.99796306,89812.96,-1362.72,-1.3948,89.813,17.9626,2.2453,STOP_LOSS,29543.0986,30787.7893,0.2804,1.5128
2023-05-01 19:00:00+00:00,2023-05-02 12:00:00+00:00,SHORT,27831.1166,28190.0745,3.45431884,96137.55,-1375.75,-1.2898,96.1376,19.2275,20.4292,STOP_LOSS,28187.2558,27118.8382,0.6508,1.5051
2023-05-28 21:00:00+00:00,2023-05-29 00:00:00+00:00,LONG,27831.2828,28299.0508,4.37083992,121646.08,1894.0,1.6807,121.6461,24.3292,4.5617,TAKE_PROFIT,27595.9838,28301.881,2.1944,0.01
2023-06-05 15:00:00+00:00,2023-06-05 16:00:00+00:00,SHORT,25989.3008,25498.3816,4.75349779,123540.08,2183.79,1.8889,123.5401,24.708,1.5443,TAKE_PROFIT,26236.0352,25495.8321,2.3367,0.319
2023-06-19 21:00:00+00:00,2023-06-20 16:00:00+00:00,LONG,26761.1758,27260.9013,4.69799517,125723.87,2166.98,1.8674,125.7239,25.1448,29.8594,TAKE_PROFIT,26509.95,27263.6276,2.3262,0.4756
2023-07-24 09:00:00+00:00,2023-07-26 03:00:00+00:00,SHORT,29159.0838,29406.2994,4.38596958,127890.85,-1304.89,-0.8478,127.8909,25.5782,67.1427,STOP_LOSS,29403.3591,28670.5332,1.1286,0.8763
2023-08-01 23:00:00+00:00,2023-08-02 08:00:00+00:00,LONG,29704.1701,29458.997,4.26155526,126585.96,-1210.96,-0.8254,126.586,25.3172,14.2409,STOP_LOSS,29461.9432,30188.624,1.1976,1.1587
2023-08-16 20:00:00+00:00,2023-08-17 00:00:00+00:00,SHORT,28958.9038,28634.5982,4.3294111,125375.0,1247.33,1.1199,125.375,25.075,6.2687,TAKE_PROFIT,29122.4882,28631.7351,2.3147,0.0452
2023-08-29 14:00:00+00:00,2023-08-29 16:00:00+00:00,LONG,27487.5485,28057.0809,4.42473639,121625.16,2371.04,2.072,121.6252,24.325,3.0406,TAKE_PROFIT,27201.3793,28059.8869,2.4755,0.8638
2023-08-31 23:00:00+00:00,2023-09-07 21:00:00+00:00,SHORT,25925.4072,26263.6021,3.84402215,99657.84,-1626.41,-1.3045,99.6578,19.9316,206.79,STOP_LOSS,26260.976,25254.2697,2.366,2.0273
2023-09-14 00:00:00+00:00,2023-09-14 01:00:00+00:00,LONG,26516.6514,26254.3692,4.8032824,127366.97,-1414.25,-0.9891,127.367,25.4734,1.5921,STOP_LOSS,26256.9949,27035.9644,0.0756,1.5464
2023-09-25 01:00:00+00:00,2023-09-25 16:00:00+00:00,SHORT,26148.9848,26328.9927,4.81673449,125952.72,-1041.81,-0.6884,125.9527,25.1905,23.6161,STOP_LOSS,26326.3601,25794.2343,0.6577,1.0341
2023-09-28 17:00:00+00:00,2023-09-28 18:00:00+00:00,LONG,27146.6144,26907.5168,4.60134386,124910.91,-1251.62,-0.8808,124.9109,24.9822,1.5614,STOP_LOSS,26910.2079,27619.4275,0.2703,1.1394
2023-10-11 03:00:00+00:00,2023-10-11 09:00:00+00:00,SHORT,26997.9999,27192.1128,4.58031274,123659.28,-1046.76,-0.719,123.6593,24.7319,9.2744,STOP_LOSS,27189.3938,26615.2121,0.1715,1.0408
2023-10-16 05:00:00+00:00,2023-10-16 09:00:00+00:00,LONG,27906.1903,27659.5877,4.39373911,122612.52,-1236.77,-0.8837,122.6125,24.5225,6.1306,STOP_LOSS,27662.3539,28393.8632,0.2215,0.999
2023-11-14 18:00:00+00:00,2023-11-15 08:00:00+00:00,SHORT,35235.976,35781.2803,2.24053541,78947.45,-1330.33,-1.5476,78.9475,15.7895,13.8158,STOP_LOSS,35777.7026,34152.523,0.4276,1.7852
2023-11-24 15:00:00+00:00,2023-11-24 16:00:00+00:00,LONG,38221.1217,37828.4159,3.08661433,117973.86,-1355.17,-1.0275,117.9739,23.5948,1.4747,STOP_LOSS,37832.1991,38998.967,0.3403,1.7533
2023-12-11 02:00:00+00:00,2023-12-11 18:00:00+00:00,SHORT,41958.0038,40750.2536,1.95886808,82190.19,2250.76,2.8785,82.1902,16.438,16.438,TAKE_PROFIT,42563.9162,40746.179,3.326,1.4224
2024-01-02 00:00:00+00:00,2024-01-02 21:00:00+00:00,LONG,45184.318,44659.7413,2.32529552,105066.89,-1373.46,-1.161,105.0669,21.0134,27.5801,STOP_LOSS,44664.2077,46224.5385,1.6946,1.2976
2024-01-14 23:00:00+00:00,2024-01-15 00:00:00+00:00,SHORT,41730.7265,42233.0841,2.40030542,100166.49,-1327.26,-1.2038,100.1665,20.0333,1.2521,STOP_LOSS,42228.8612,40734.4571,0.0257,1.5355
2024-01-28 04:00:00+00:00,2024-01-28 06:00:00+00:00,LONG,42714.671,42411.803,2.76814218,118240.28,-983.23,-0.709,118.2403,23.6481,2.956,STOP_LOSS,42416.0446,43311.9238,0.284,1.0656
2024-03-16 21:00:00+00:00,2024-03-17 11:00:00+00:00,SHORT,66277.3716,67500.5342,0.96395743,63888.56,-1266.92,-1.8455,63.8886,12.7777,11.1805,STOP_LOSS,67493.7848,63844.5452,2.5915,1.9956
2024-03-25 18:00:00+00:00,2024-03-25 21:00:00+00:00,LONG,70907.09,69864.1145,1.11960846,79388.18,-1265.97,-1.4709,79.3882,15.8776,2.9771,STOP_LOSS,69871.1016,72979.0667,0.453,1.8308
2024-04-02 02:00:00+00:00,2024-04-02 13:00:00+00:00,SHORT,67018.9974,64804.962,1.03331123,69251.48,2195.16,3.3036,69.2515,13.8503,9.5221,TAKE_PROFIT,68129.255,64798.4822,3.5348,0.4438
2024-04-08 08:00:00+00:00,2024-04-09 01:00:00+00:00,LONG,72064.5057,71246.1271,1.44121848,103860.7,-1326.17,-1.1356,103.8607,20.7721,22.0704,STOP_LOSS,71253.2524,73687.0124,1.146,1.6159
2024-04-13 19:00:00+00:00,2024-04-13 20:00:00+00:00,SHORT,64772.6221,62284.2752,0.9267565,60028.45,2233.31,3.8417,60.0284,12.0057,0.7504,TAKE_PROFIT,66019.9094,62278.0474,7.9048,0.1933
2024-05-06 08:00:00+00:00,2024-05-06 10:00:00+00:00,LONG,65115.5109,64458.4852,1.8094993,117826.47,-1333.22,-1.009,117.8265,23.5653,2.9457,STOP_LOSS,64464.9317,66416.6693,0.3326,2.0524
2024-06-11 04:00:00+00:00,2024-06-11 10:00:00+00:00,SHORT,68033.196,66809.4266,1.71230007,116493.25,1946.93,1.7988,116.4932,23.2986,8.737,TAKE_PROFIT,68648.4208,66802.7464,1.9751,0.0692
2024-07-01 01:00:00+00:00,2024-07-01 08:00:00+00:00,LONG,63638.2632,63102.8185,1.86114724,118440.18,-1149.03,-0.8414,118.4402,23.688,10.3635,STOP_LOSS,63109.1294,64696.5307,0.2542,1.2874
2024-07-04 01:00:00+00:00,2024-07-04 13:00:00+00:00,SHORT,58555.8438,56907.2183,1.41800194,83032.3,2225.66,2.8155,83.0323,16.6065,12.4548,TAKE_PROFIT,59383.0017,56901.5281,3.084,0.9947
2024-07-14 21:00:00+00:00,2024-07-15 02:00:00+00:00,LONG,61266.226,62578.1004,1.81342583,111101.76,2238.72,2.1413,111.1018,22.2204,6.9439,TAKE_PROFIT,60607.1596,62584.3588,2.1754,1.0505
2024-07-31 20:00:00+00:00,2024-08-01 15:00:00+00:00,SHORT,64570.9423,62848.977,1.40900405,90980.72,2295.47,2.6668,90.9807,18.1961,21.6079,TAKE_PROFIT,65435.067,62842.6928,2.98,0.8531
2024-08-23 17:00:00+00:00,2024-08-23 21:00:00+00:00,LONG,62972.5966,64611.9719,1.50745174,94928.15,2352.62,2.6033,94.9282,18.9856,4.7464,TAKE_PROFIT,62149.6781,64618.4337,3.2195,0.5136
2024-08-27 21:00:00+00:00,2024-08-27 22:00:00+00:00,SHORT,60373.562,58825.9054,1.62729925,98245.85,2399.38,2.5635,98.2459,19.6492,1.2281,TAKE_PROFIT,61150.3314,58820.0234,4.0504,0.0117
2024-09-10 18:00:00+00:00,2024-09-11 01:00:00+00:00,LONG,57556.5551,56832.3331,1.79256984,103174.14,-1431.06,-1.2583,103.1741,20.6348,9.0277,STOP_LOSS,56838.0169,58993.6315,0.8281,1.5872
2024-09-16 14:00:00+00:00,2024-09-16 17:00:00+00:00,SHORT,57583.6411,58176.1621,2.17097457,125012.62,-1441.05,-1.029,125.0126,25.0025,4.688,STOP_LOSS,58170.345,56410.2331,0.2385,1.1572
2024-09-19 10:00:00+00:00,2024-09-19 17:00:00+00:00,LONG,62291.9286,63796.0638,1.66738952,103864.91,2374.25,2.4147,103.8649,20.773,9.0882,TAKE_PROFIT,61536.6708,63802.4441,2.4693,0.1457
2024-09-30 09:00:00+00:00,2024-09-30 12:00:00+00:00,SHORT,63505.7488,64031.1567,2.02037049,128305.14,-1220.3,-0.8273,128.3051,25.661,4.8114,STOP_LOSS,64024.7542,62467.7379,0.4468,0.9687
2024-10-14 03:00:00+00:00,2024-10-14 14:00:00+00:00,LONG,64288.0282,65492.4156,1.97680421,127084.84,2210.86,1.8734,127.0848,25.417,17.4742,TAKE_PROFIT,63682.5595,65498.9655,3.111,0.8325
2024-10-23 09:00:00+00:00,2024-10-23 18:00:00+00:00,SHORT,66486.3507,65370.3224,1.94469549,129295.71,2000.63,1.6786,129.2957,25.8591,14.5458,TAKE_PROFIT,67047.6331,65363.786,1.9012,0.6548
2024-10-28 19:00:00+00:00,2024-10-29 02:00:00+00:00,LONG,69573.0566,70797.4975,1.88717224,131296.34,2141.69,1.7599,131.2963,26.2593,11.4884,TAKE_PROFIT,68957.2959,70804.578,2.9235,0.1333
2024-11-03 14:00:00+00:00,2024-11-03 16:00:00+00:00,SHORT,67761.2232,68327.9403,1.96923877,133438.03,-1279.46,-0.8363,133.438,26.6876,3.336,STOP_LOSS,68321.1082,66641.4533,0.4643,1.1788
2024-11-06 02:00:00+00:00,2024-11-06 19:00:00+00:00,LONG,73086.2079,75706.1868,1.00594509,73520.71,2531.71,3.5848,73.5207,14.7041,15.6232,TAKE_PROFIT,71772.4327,75713.7582,3.8452,0.499
2024-11-25 23:00:00+00:00,2024-11-26 01:00:00+00:00,SHORT,93054.6936,94577.4013,0.89007231,82825.41,-1456.78,-1.6364,82.8254,16.5651,2.0706,STOP_LOSS,94567.9445,90028.1918,0.2736,1.9981
2024-12-05 02:00:00+00:00,2024-12-05 19:00:00+00:00,LONG,101550.7541,99893.8554,0.80899157,82153.7,-1456.46,-1.6316,82.1537,16.4307,17.4577,STOP_LOSS,99903.8458,104844.5706,3.0326,2.8027
2024-12-19 17:00:00+00:00,2024-12-20 08:00:00+00:00,SHORT,98806.0184,95341.5302,0.75864261,74958.46,2524.3,3.5064,74.9585,14.9917,14.0547,TAKE_PROFIT,100543.0291,95331.997,3.5698,0.2267
2025-01-05 22:00:00+00:00,2025-01-06 01:00:00+00:00,LONG,98670.9661,98080.9212,1.36110287,134301.34,-969.31,-0.598,134.3013,26.8603,5.0363,STOP_LOSS,98090.7302,99831.4378,0.1841,0.8091
2025-01-08 06:00:00+00:00,2025-01-08 17:00:00+00:00,SHORT,95258.3732,93069.5847,1.21316009,115563.66,2500.78,2.2977,115.5637,23.1127,15.89,TAKE_PROFIT,96357.4205,93060.2787,2.8957,0.8835
2025-01-15 13:00:00+00:00,2025-01-16 14:00:00+00:00,LONG,98925.9916,97818.5683,1.23749823,122420.74,-1555.6,-1.1194,122.4207,24.4841,38.2565,STOP_LOSS,97828.3512,101121.2725,1.9449,1.4893
2025-01-27 01:00:00+00:00,2025-01-27 06:00:00+00:00,SHORT,101233.9756,99575.4851,1.32640463,134277.21,2030.3,1.6383,134.2772,26.8554,8.3923,TAKE_PROFIT,102068.1991,99565.5286,2.5422,0.5866
2025-03-02 17:00:00+00:00,2025-03-03 06:00:00+00:00,LONG,94049.304,92121.3103,0.71038615,66811.32,-1460.65,-2.05,66.8113,13.3623,10.8568,STOP_LOSS,92130.5233,97886.8653,0.7982,2.9179
2025-03-09 22:00:00+00:00,2025-03-10 01:00:00+00:00,SHORT,80311.1681,81648.4406,1.01456632,81481.01,-1457.58,-1.6651,81.481,16.2962,3.0555,STOP_LOSS,81640.2765,77652.9512,0.4704,1.9156
2025-03-24 04:00:00+00:00,2025-03-24 14:00:00+00:00,LONG,86803.5795,88022.2316,1.53667953,133389.28,1695.94,1.4039,133.3893,26.6779,16.6737,TAKE_PROFIT,86189.8519,88031.0347,2.2446,0.1361
2025-03-29 11:00:00+00:00,2025-03-30 02:00:00+00:00,SHORT,82246.8745,83040.3586,1.64243592,135085.22,-1490.68,-0.9648,135.0852,27.017,25.3285,STOP_LOSS,83032.0554,80676.5127,0.7853,1.3204
2025-04-21 00:00:00+00:00,2025-04-21 14:00:00+00:00,LONG,86608.66,87876.2327,1.54250791,133594.54,1771.55,1.4636,133.5945,26.7189,23.379,TAKE_PROFIT,85970.4794,87885.0212,2.0893,0.0101
2025-05-30 16:00:00+00:00,2025-06-01 16:00:00+00:00,SHORT,103857.0133,104993.4087,1.20229534,124866.8,-1591.04,-1.0942,124.8668,24.9734,74.9201,STOP_LOSS,104982.9104,101605.2189,0.7943,1.375
2025-06-09 20:00:00+00:00,2025-06-09 21:00:00+00:00,LONG,108648.0637,110154.1509,1.23126951,133775.05,1692.2,1.3862,133.775,26.755,1.6722,TAKE_PROFIT,107889.5119,110165.1674,1.8459,0.01
2025-06-13 00:00:00+00:00,2025-06-13 08:00:00+00:00,SHORT,103723.3266,104935.4311,1.12737929,116935.53,-1518.52,-1.1686,116.9355,23.3871,11.6936,STOP_LOSS,104924.9386,101320.1027,1.0695,1.674
2025-06-25 11:00:00+00:00,2025-06-27 01:00:00+00:00,LONG,107147.0136,106353.0554,1.25013963,133948.73,-1216.92,-0.741,133.9487,26.7897,63.6256,STOP_LOSS,106363.6918,108713.6573,1.0293,0.7483
