symbol,return_%,win_rate,trades,avg_trade_%,sharpe,window_length,sloping_atr_length,min_space,stop_loss_multiplier,take_profit_multiplier,portion
ZECUSDT,162.75936856533136,24.832214765100673,298,0.42504309724133993,0.15802033583585773,50,14,5,0.45,1.5,
RAREUSDT,66.91374876367105,28.1786941580756,291,0.2762396424114799,1.7582395733831093,50,14,5,0.45,1.5,
ENAUSDT,45.949950494737315,22.54901960784314,306,0.2238214916813419,0.11671011034439782,50,14,5,0.45,1.5,
GMXUSDT,38.50665256634871,29.25170068027211,294,0.21095930604981827,0.8434063059436239,50,14,5,0.45,1.5,
TSTUSDT,29.74424585765763,12.087912087912088,91,0.38676534490429404,0.8618739727577155,50,14,5,0.45,1.5,
HIFIUSDT,26.719785948288095,26.95035460992908,282,0.1839968960602123,0.8420537188179332,50,14,5,0.45,1.5,
TIAUSDT,24.88426479530465,24.271844660194176,309,0.17188921597879325,0.5175139734147584,50,14,5,0.45,1.5,
RUNEUSDT,24.784744870795915,29.86111111111111,288,0.17697897630064574,1.489436063395023,50,14,5,0.45,1.5,
ROSEUSDT,21.520949508820635,28.421052631578945,285,0.1684530761347558,1.2786844264676545,50,14,5,0.45,1.5,
TRUMPUSDT,18.944579494003534,16.546762589928058,139,0.2250444886728653,1.0718859912006466,50,14,5,0.45,1.5,
MOVEUSDT,18.66186989069802,17.391304347826086,138,0.22405107698544313,1.0583104305706066,50,14,5,0.45,1.5,
WIFUSDT,18.514653609201197,27.796610169491526,295,0.15760857217752555,0.6711615582127965,50,14,5,0.45,1.5,
ARUSDT,17.522617715223667,28.125,288,0.1561131153405837,0.8782528529986874,50,14,5,0.45,1.5,
PENDLEUSDT,16.998972857413605,24.087591240875913,274,0.1573940875243096,0.2868455737843971,50,14,5,0.45,1.5,
POLUSDT,15.46962975592334,18.06167400881057,227,0.1633567565892724,0.47338088905360054,50,14,5,0.45,1.5,
PYTHUSDT,15.056431565410389,29.431438127090303,299,0.1469155722517934,1.0950008152601047,50,14,5,0.45,1.5,
RLCUSDT,13.053310911027715,28.52112676056338,284,0.14327316074969065,1.0695434805050257,50,14,5,0.45,1.5,
BATUSDT,11.493534115792043,29.06574394463668,289,0.1376632661359123,0.9755518486452894,50,14,5,0.45,1.5,
KAITOUSDT,10.03176228026608,6.666666666666667,60,0.23512501730305058,1.0549316414536887,50,14,5,0.45,1.5,
DOGSUSDT,9.577649865737046,20.816326530612244,245,0.13739389479359154,0.8290358266653384,50,14,5,0.45,1.5,
BEAMXUSDT,8.958321411977755,28.620689655172416,290,0.12959280734261558,0.5323372687053607,50,14,5,0.45,1.5,
BBUSDT,7.492158694179729,25.0,280,0.12580061902347506,0.3892328350692525,50,14,5,0.45,1.5,
AIXBTUSDT,6.690130208870023,13.559322033898304,118,0.15497445275325372,0.7058158082474937,50,14,5,0.45,1.5,
DUSKUSDT,6.4477229761532975,26.61596958174905,263,0.12378263106080922,0.5819376151678181,50,14,5,0.45,1.5,
HIVEUSDT,6.265429239869956,21.52317880794702,302,0.12003400553131094,0.15137474438091056,50,14,5,0.45,1.5,
SNXUSDT,5.909520450812951,27.956989247311824,279,0.12062545003272973,0.545523766422607,50,14,5,0.45,1.5,
NMRUSDT,5.57315295597217,28.771929824561404,285,0.11900091725924877,0.47513236470060133,50,14,5,0.45,1.5,
SCRUSDT,5.041293626397918,14.457831325301203,166,0.12950366660571255,0.2039039600640526,50,14,5,0.45,1.5,
BADGERUSDT,5.01819298124488,29.37062937062937,286,0.11714589956410837,0.48701359046448855,50,14,5,0.45,1.5,
DYMUSDT,4.47874027720883,26.24113475177305,282,0.11551853033400228,0.32446289389418176,50,14,5,0.45,1.5,
HOOKUSDT,4.05896191377046,29.67032967032967,273,0.1145834610061458,0.3746615484692647,50,14,5,0.45,1.5,
BANANAS31USDT,3.6565723319970536,10.9375,64,0.15616382174594712,0.845198004327981,50,14,5,0.45,1.5,
STXUSDT,2.804089922208502,25.36764705882353,272,0.11017677077833632,0.2563223123575322,50,14,5,0.45,1.5,
BIOUSDT,1.9876667919710977,15.59633027522936,109,0.11795500925784186,0.3411729948457801,50,14,5,0.45,1.5,
ANIMEUSDT,1.9395700968801044,14.0625,128,0.11497838573057972,0.29943118704022087,50,14,5,0.45,1.5,
LRCUSDT,1.4174637248952873,29.02097902097902,286,0.10492179577739069,0.13170228364390857,50,14,5,0.45,1.5,
JOEUSDT,1.3740220483504004,28.205128205128204,273,0.1049804356414219,0.1368529695685749,50,14,5,0.45,1.5,
THEUSDT,1.303346936449013,17.51412429378531,177,0.10726181022451264,0.15928768723015158,50,14,5,0.45,1.5,
VANAUSDT,0.9267949359411607,12.173913043478262,115,0.10808203669072647,0.10159729019891095,50,14,5,0.45,1.5,
YGGUSDT,0.8859070244237315,27.27272727272727,286,0.10306969625324403,0.06187266307411678,50,14,5,0.45,1.5,
LUMIAUSDT,0.7817970792509267,15.730337078651685,178,0.1043867394436182,0.07724196179896066,50,14,5,0.45,1.5,
ALPHAUSDT,0.45311612769725035,25.675675675675674,296,0.10152404479015775,0.034728345008186105,50,14,5,0.45,1.5,
ZRXUSDT,0.3541528624321567,27.208480565371023,283,0.10125627713244434,0.03774886038752203,50,14,5,0.45,1.5,
DENTUSDT,0.27134255330051527,27.77777777777778,288,0.10095838482266917,0.027303084802165888,50,14,5,0.45,1.5,
MEMEUSDT,0.17357578726719367,27.62237762237762,286,0.10061148005982012,0.013743569434530593,50,14,5,0.45,1.5,
HIGHUSDT,0.10336857357142726,24.91349480968858,289,0.10035420414811203,0.008813383373499314,50,14,5,0.45,1.5,
SOLVUSDT,0.09932245548343052,12.5,120,0.10088142569564251,0.009990591528295564,50,14,5,0.45,1.5,
PNUTUSDT,-0.06232564593285787,16.091954022988507,174,0.09963846690939082,-0.006123853672478771,50,14,5,0.45,1.5,
SHELLUSDT,-0.1479333652866073,6.329113924050633,79,0.09806149140167975,-0.06844985710019187,50,14,5,0.45,1.5,
MANTAUSDT,-0.2816138519487809,27.986348122866893,293,0.0990089206639233,-0.02271430296628987,50,14,5,0.45,1.5,
PHBUSDT,-0.6783435122661525,26.885245901639344,305,0.09774504618638158,-0.057922216734281017,50,14,5,0.45,1.5,
LISTAUSDT,-0.9395289046180317,20.392156862745097,255,0.0963229818682354,-0.07016855651861123,50,14,5,0.45,1.5,
LAYERUSDT,-1.1915439733659965,12.195121951219512,82,0.08537343795000929,-0.30658013749883156,50,14,5,0.45,1.5,
ONGUSDT,-1.3405099607736104,26.89393939393939,264,0.094861468093832,-0.12912594576063813,50,14,5,0.45,1.5,
GHSTUSDT,-1.404306318836671,26.148409893992934,283,0.09493882564004519,-0.15178431169296674,50,14,5,0.45,1.5,
SUPERUSDT,-1.4589503347231656,27.238805970149254,268,0.09450546001070759,-0.10102670793380808,50,14,5,0.45,1.5,
ACTUSDT,-1.6310416307906737,16.867469879518072,166,0.09013639250461392,-0.20927034119226054,50,14,5,0.45,1.5,
DYDXUSDT,-2.0849517495580483,28.424657534246577,292,0.0927422981574999,-0.2168055855647656,50,14,5,0.45,1.5,
VELODROMEUSDT,-2.19408984799817,15.0,140,0.08421572704202518,-0.5351809669286757,50,14,5,0.45,1.5,
NULSUSDT,-2.5279377282882343,30.03533568904594,283,0.09094829009481664,-0.22204153706129479,50,14,5,0.45,1.5,
1000CHEEMSUSDT,-2.6748764540405476,9.375,128,0.07876164563391796,-0.5760544991370197,50,14,5,0.45,1.5,
MINAUSDT,-3.0409214057337723,27.046263345195733,281,0.08900119856949384,-0.3628335750055695,50,14,5,0.45,1.5,
API3USDT,-3.246934257674403,26.38888888888889,288,0.08845793853837769,-0.3054779998802403,50,14,5,0.45,1.5,
LOKAUSDT,-3.377256826950342,21.75438596491228,285,0.08793236076649613,-0.09752333451081802,50,14,5,0.45,1.5,
STGUSDT,-3.7792921674377284,29.03225806451613,279,0.08621169119258365,-0.45016749100580705,50,14,5,0.45,1.5,
BANDUSDT,-3.931342742396635,25.951557093425603,289,0.08608113215304858,-0.3909390240388717,50,14,5,0.45,1.5,
LDOUSDT,-4.097081123386917,25.249169435215947,301,0.08611879726927452,-0.3114358483710775,50,14,5,0.45,1.5,
MANAUSDT,-4.203804366379941,27.472527472527474,273,0.08424190517448693,-0.5042554089934275,50,14,5,0.45,1.5,
GMTUSDT,-4.20457078935476,26.31578947368421,285,0.08491207215344243,-0.39771275724516586,50,14,5,0.45,1.5,
GPSUSDT,-4.445954798859148,4.938271604938271,81,0.04381590319557649,-2.601334248196997,50,14,5,0.45,1.5,
ENSUSDT,-4.5904231107717495,25.795053003533567,283,0.08337940858016424,-0.4342529645643414,50,14,5,0.45,1.5,
ARBUSDT,-4.623202970091789,25.17241379310345,290,0.08369759625272977,-0.36607850125530145,50,14,5,0.45,1.5,
DASHUSDT,-4.665196958259505,27.09030100334448,299,0.08401488568565707,-0.5772505180943072,50,14,5,0.45,1.5,
MOVRUSDT,-4.722523551779369,27.64505119453925,293,0.08347793637342171,-0.4971953945474117,50,14,5,0.45,1.5,
UMAUSDT,-4.744429810825084,26.923076923076923,286,0.08300419284785754,-0.48233823663097547,50,14,5,0.45,1.5,
VTHOUSDT,-4.786578896933375,26.373626373626376,273,0.08199604207013156,-0.5763412840608295,50,14,5,0.45,1.5,
PIXELUSDT,-5.031490465162834,26.46048109965636,291,0.08220312786595407,-0.41589978573407693,50,14,5,0.45,1.5,
MAGICUSDT,-6.082763465883606,25.0,280,0.07759555559836429,-0.5239402962313687,50,14,5,0.45,1.5,
DIAUSDT,-6.0850731416140915,26.573426573426573,286,0.07803280959861603,-0.6652214721429965,50,14,5,0.45,1.5,
FLUXUSDT,-6.112170880221343,27.106227106227106,273,0.07690469957941648,-0.6715813464634128,50,14,5,0.45,1.5,
SKLUSDT,-6.292802513260487,25.795053003533567,283,0.0770276740834186,-0.5942646369031365,50,14,5,0.45,1.5,
VOXELUSDT,-6.385000630508969,27.62237762237762,286,0.0769824000443009,-0.6094398848870215,50,14,5,0.45,1.5,
TUTUSDT,-6.647259341010208,3.9215686274509802,51,-0.03475115231692527,-4.9622968151592195,50,14,5,0.45,1.5,
MUBARAKUSDT,-6.660542332300149,4.6875,64,-0.007808288186716972,-5.582751413815969,50,14,5,0.45,1.5,
KDAUSDT,-6.7036494149364305,25.581395348837212,301,0.07691809643968206,-0.6351739620903957,50,14,5,0.45,1.5,
TURBOUSDT,-6.85070812564398,18.88412017167382,233,0.06955614987711467,-0.8061601105604506,50,14,5,0.45,1.5,
MEUSDT,-7.159314236912865,15.894039735099339,151,0.05077415576790756,-1.613171326962691,50,14,5,0.45,1.5,
PHAUSDT,-7.355977816775081,27.986348122866893,293,0.07394183352273931,-0.41655926446062824,50,14,5,0.45,1.5,
ONTUSDT,-7.371087309320329,26.714801444043324,277,0.07235004797043754,-0.7878650409338301,50,14,5,0.45,1.5,
ORCAUSDT,-7.405999467650662,16.265060240963855,166,0.05365114251367764,-1.754873555754018,50,14,5,0.45,1.5,
METISUSDT,-7.452251933800731,25.694444444444443,288,0.07308358519177993,-0.9182972985540039,50,14,5,0.45,1.5,
NEOUSDT,-7.590156284952268,25.886524822695034,282,0.07197710343760377,-0.8987026172906263,50,14,5,0.45,1.5,
RENDERUSDT,-7.765476372170017,20.79646017699115,226,0.06423458141278093,-1.216318217217211,50,14,5,0.45,1.5,
COOKIEUSDT,-7.836505928887322,12.5,112,0.027110583367817576,-2.9642159028170125,50,14,5,0.45,1.5,
ILVUSDT,-7.930325287049985,25.412541254125415,303,0.07267584826518014,-0.7939959607475907,50,14,5,0.45,1.5,
SCRTUSDT,-7.996000355070608,25.34246575342466,292,0.07145235744776546,-0.85773905933046,50,14,5,0.45,1.5,
IMXUSDT,-8.156562911962066,25.357142857142854,280,0.06964661384973869,-0.9150627987874517,50,14,5,0.45,1.5,
PENGUUSDT,-8.32204642917536,12.977099236641221,131,0.033662952549784464,-2.939838716257508,50,14,5,0.45,1.5,
QUICKUSDT,-8.830389955414994,25.795053003533567,283,0.06728741732364707,-1.0082870057310696,50,14,5,0.45,1.5,
BOMEUSDT,-8.887618548114412,25.694444444444443,288,0.06763933873754624,-0.7602316813235429,50,14,5,0.45,1.5,
EIGENUSDT,-9.087237836591166,17.560975609756095,205,0.053511562108199406,-1.5249183056753546,50,14,5,0.45,1.5,
SOLUSDT,-9.146777541884163,26.557377049180324,305,0.0685033545295477,-1.1511003182727522,50,14,5,0.45,1.5,
OPUSDT,-9.235103608548362,26.101694915254235,295,0.06706469364752277,-0.49421234957251636,50,14,5,0.45,1.5,
WOOUSDT,-9.325048138741137,25.087108013937282,287,0.06587773650030826,-1.0820588932706976,50,14,5,0.45,1.5,
XAIUSDT,-9.435703134046006,25.165562913907287,302,0.0671643791817278,-0.9733653494419696,50,14,5,0.45,1.5,
FORMUSDT,-9.497357804497902,5.555555555555555,72,-0.03856115376956737,-14.241219895930662,50,14,5,0.45,1.5,
OMNIUSDT,-9.651252966561565,25.938566552901023,293,0.0652858615215468,-0.9657077772757482,50,14,5,0.45,1.5,
GASUSDT,-9.689251644700219,24.742268041237114,291,0.06497183818310326,-1.3224882325801661,50,14,5,0.45,1.5,
OXTUSDT,-9.837417239419674,25.75250836120401,299,0.06539444807527328,-1.2776203425084092,50,14,5,0.45,1.5,
ATAUSDT,-9.957705039238848,30.29197080291971,274,0.0616350579919267,-0.43904659435971355,50,14,5,0.45,1.5,
SUSDT,-9.991375204811792,14.516129032258066,124,0.015108897887960993,-3.41099895667072,50,14,5,0.45,1.5,
CELRUSDT,-10.203444462949921,27.79783393501805,277,0.06109333186641308,-1.0105891050031317,50,14,5,0.45,1.5,
BTCUSDT,-10.263517535160458,23.157894736842106,285,0.061359390072146525,-1.0676692184756462,50,14,5,0.45,1.5,
1000CATUSDT,-10.336441265404945,13.10344827586207,145,0.024671741054560492,-3.858676268204172,50,14,5,0.45,1.5,
1MBABYDOGEUSDT,-10.39873713855152,16.883116883116884,231,0.0524448134211708,-1.6083386267052973,50,14,5,0.45,1.5,
GUSDT,-10.679723060046031,22.48995983935743,249,0.05457553969578921,-1.8036158575807473,50,14,5,0.45,1.5,
COMBOUSDT,-10.778426748409577,27.697841726618705,278,0.0589663301581167,-1.2265720809104173,50,14,5,0.45,1.5,
ICXUSDT,-10.893337501601385,25.448028673835125,279,0.05864112406162025,-1.326749680267679,50,14,5,0.45,1.5,
STRKUSDT,-11.466848598660121,23.958333333333336,288,0.05768695797989665,-1.202666946150334,50,14,5,0.45,1.5,
LSKUSDT,-11.538462349288608,26.989619377162633,289,0.05756249716759587,-1.4747426564026724,50,14,5,0.45,1.5,
CYBERUSDT,-11.75632806947789,25.517241379310345,290,0.0568748513611439,-1.4551166173341499,50,14,5,0.45,1.5,
GLMRUSDT,-11.793572798579593,25.08474576271186,295,0.05748933510678622,-1.5086304484044748,50,14,5,0.45,1.5,
FLMUSDT,-11.927942827705772,23.826714801444044,277,0.0540971567342341,-1.5172433698324002,50,14,5,0.45,1.5,
ARKMUSDT,-12.092581909812662,25.333333333333336,300,0.05701120523096126,-1.0416754205299046,50,14,5,0.45,1.5,
RVNUSDT,-12.177722062973235,24.113475177304963,282,0.053898604739632816,-1.772844327576041,50,14,5,0.45,1.5,
ADAUSDT,-12.232204218917818,25.461254612546124,271,0.05181751653382527,-1.5624782394934862,50,14,5,0.45,1.5,
PARTIUSDT,-12.251830197767214,5.128205128205128,78,-0.06758035960352515,-15.977126344602885,50,14,5,0.45,1.5,
UNIUSDT,-12.395386480052304,25.510204081632654,294,0.055006622369191405,-1.5767897869568759,50,14,5,0.45,1.5,
ACXUSDT,-12.53761922323075,15.333333333333332,150,0.010673658236459715,-3.5466587043754614,50,14,5,0.45,1.5,
CGPTUSDT,-12.54427115225963,10.92436974789916,119,-0.012655543115436263,-6.253351511427894,50,14,5,0.45,1.5,
HBARUSDT,-12.593504991455085,22.77580071174377,281,0.052049266106046765,-1.557206529003322,50,14,5,0.45,1.5,
JASMYUSDT,-12.771535968998284,25.087108013937282,287,0.05235690634639578,-1.240988513900552,50,14,5,0.45,1.5,
WUSDT,-12.85107682520553,24.758842443729904,311,0.055692924921735276,-1.311365391179833,50,14,5,0.45,1.5,
EPICUSDT,-13.097176929516532,2.857142857142857,70,-0.10040957150979635,-47.30014405341147,50,14,5,0.45,1.5,
AVAUSDT,-13.33751003443289,24.315068493150687,292,0.05098449964822116,-1.4715260316237766,50,14,5,0.45,1.5,
TRXUSDT,-13.523292313347572,25.704225352112676,284,0.04883330866443103,-4.010886333874038,50,14,5,0.45,1.5,
CRVUSDT,-13.595247567097516,24.914675767918087,293,0.050088527244551706,-1.5613263452876824,50,14,5,0.45,1.5,
BMTUSDT,-13.65338770401232,0.0,72,-0.10382161284966385,-72.8652549558198,50,14,5,0.45,1.5,
DOTUSDT,-13.664727406470034,23.859649122807017,285,0.048450304044678205,-2.0732688799029364,50,14,5,0.45,1.5,
BROCCOLI714USDT,-13.761140347199689,3.8461538461538463,78,-0.0897326766668094,-28.79214270875707,50,14,5,0.45,1.5,
SYSUSDT,-13.819100867087766,28.57142857142857,273,0.04553004883440792,-1.1799242186940015,50,14,5,0.45,1.5,
RPLUSDT,-14.006535908954124,25.524475524475527,286,0.04724955280801524,-0.27009177313058624,50,14,5,0.45,1.5,
XLMUSDT,-14.150026765331813,22.71062271062271,273,0.04409257448219073,-2.977538805259375,50,14,5,0.45,1.5,
POWRUSDT,-14.159480482116901,24.914675767918087,293,0.047846137108042974,-2.105746193034237,50,14,5,0.45,1.5,
EGLDUSDT,-14.239171614137152,23.674911660777383,283,0.04572912811755536,-2.1075979087142436,50,14,5,0.45,1.5,
ONEUSDT,-14.382890246530552,25.597269624573375,293,0.046958222367488034,-2.140462687611065,50,14,5,0.45,1.5,
C98USDT,-14.406191082125016,23.934426229508198,305,0.04895975183294432,-1.1411277479051352,50,14,5,0.45,1.5,
SLPUSDT,-14.54725826195878,24.305555555555554,288,0.04535833520458166,-1.8805936401489665,50,14,5,0.45,1.5,
KAIAUSDT,-14.615693839272925,13.636363636363635,154,-0.002609369098338643,-5.988475025583482,50,14,5,0.45,1.5,
BERAUSDT,-14.69676546916234,8.695652173913043,115,-0.038224759185634394,-16.060734063399575,50,14,5,0.45,1.5,
PROMUSDT,-14.7067698101531,23.897058823529413,272,0.041501114502140446,-1.8139011943316592,50,14,5,0.45,1.5,
AERGOUSDT,-14.780038870173298,25.33783783783784,296,0.04597104840513566,-1.7609204530662037,50,14,5,0.45,1.5,
HEIUSDT,-14.994628171204019,7.339449541284404,109,-0.04907347624528713,-22.47301102291937,50,14,5,0.45,1.5,
KNCUSDT,-15.252471309821775,23.986486486486484,296,0.044110140983888435,-2.482958872448339,50,14,5,0.45,1.5,
TONUSDT,-15.372462986720926,17.647058823529413,221,0.02446283560182394,-4.492136455367021,50,14,5,0.45,1.5,
BNTUSDT,-15.489120703770244,25.0,288,0.04154746122146946,-2.663698666335346,50,14,5,0.45,1.5,
COWUSDT,-15.645573314727365,16.27906976744186,172,0.001019755192044336,-4.08497975342967,50,14,5,0.45,1.5,
DUSDT,-15.742654321623235,10.317460317460316,126,-0.03592280672575221,-11.80990217437794,50,14,5,0.45,1.5,
CTKUSDT,-15.84256724642415,25.454545454545453,275,0.03734219909796721,-1.3902613797826306,50,14,5,0.45,1.5,
BICOUSDT,-16.03205527865995,25.694444444444443,288,0.039246741175769095,-2.143184609670157,50,14,5,0.45,1.5,
NTRNUSDT,-16.13149012016031,24.742268041237114,291,0.03946420455200883,-2.14606785497865,50,14,5,0.45,1.5,
IOTXUSDT,-16.41877077479649,23.776223776223777,286,0.03732096495447923,-2.557638451531382,50,14,5,0.45,1.5,
TROYUSDT,-16.5961939373201,22.516556291390728,302,0.03999337694795546,-1.0170577816573343,50,14,5,0.45,1.5,
BAKEUSDT,-16.614217426519748,23.61111111111111,288,0.03687235389990828,-1.2998166706611582,50,14,5,0.45,1.5,
APEUSDT,-16.671310653866918,25.806451612903224,279,0.03466921608101803,-1.8778436479930039,50,14,5,0.45,1.5,
NILUSDT,-16.778597876501202,1.4925373134328357,67,-0.17396150906404673,-74.82021618684895,50,14,5,0.45,1.5,
ANKRUSDT,-16.78107300473385,24.210526315789473,285,0.03551712966474163,-2.3337879497981784,50,14,5,0.45,1.5,
COTIUSDT,-16.840375922769738,24.74916387959866,299,0.0382625420938032,-1.6314592388777653,50,14,5,0.45,1.5,
TRUUSDT,-17.208146346609155,24.125874125874127,286,0.03398325063816987,-1.8982032494028773,50,14,5,0.45,1.5,
SANTOSUSDT,-17.22240256677157,22.115384615384613,312,0.03943337033176508,-2.018219453525726,50,14,5,0.45,1.5,
SXPUSDT,-17.241376444732584,25.850340136054424,294,0.035614991908028415,-2.815425800727634,50,14,5,0.45,1.5,
TAOUSDT,-17.344968246656343,21.875,288,0.03385387926231331,-1.6240769644089352,50,14,5,0.45,1.5,
RONINUSDT,-17.56506334903104,22.26277372262774,274,0.029521262110376867,-2.8739725262623987,50,14,5,0.45,1.5,
1000SATSUSDT,-17.65335173341525,23.711340206185564,291,0.03316951554792613,-2.1484468383199915,50,14,5,0.45,1.5,
CHESSUSDT,-17.868376549721297,24.91103202846975,281,0.029944398487802282,-2.4649785613399477,50,14,5,0.45,1.5,
SPELLUSDT,-17.915753137439243,24.829931972789115,294,0.03282952330356803,-2.367771625277158,50,14,5,0.45,1.5,
USTCUSDT,-18.33415347813632,23.728813559322035,295,0.03129221641924307,-2.427659772062889,50,14,5,0.45,1.5,
WAXPUSDT,-18.586252993772238,25.435540069686414,287,0.02831911513487828,-3.104024668089454,50,14,5,0.45,1.5,
MAVUSDT,-18.613519166225334,24.354243542435423,271,0.024013116169707693,-2.398453709592873,50,14,5,0.45,1.5,
MDTUSDT,-18.675461485650228,22.887323943661972,284,0.02722034887399083,-2.1774582974953094,50,14,5,0.45,1.5,
BNBUSDT,-18.966674342655963,22.55892255892256,297,0.029131048868635823,-3.4650988971649967,50,14,5,0.45,1.5,
VIDTUSDT,-18.98571726001593,25.18796992481203,266,0.020802062914171415,-2.3548144668077664,50,14,5,0.45,1.5,
IDUSDT,-19.211143894469494,24.758842443729904,311,0.031412807655284425,-3.056217408822484,50,14,5,0.45,1.5,
XVSUSDT,-19.362761913140385,21.428571428571427,280,0.023110329990672085,-2.828724176573131,50,14,5,0.45,1.5,
CFXUSDT,-19.425413894554264,24.041811846689896,287,0.024784606034988776,-3.2763736622431296,50,14,5,0.45,1.5,
ARKUSDT,-19.529139189518315,24.561403508771928,285,0.023709116262859986,-2.8040456674405063,50,14,5,0.45,1.5,
GTCUSDT,-19.698999595175405,24.054982817869416,291,0.02458562967948552,-2.6821857332474583,50,14,5,0.45,1.5,
ALPACAUSDT,-19.7403324232133,25.252525252525253,297,0.025955298501179058,-2.1589640433290365,50,14,5,0.45,1.5,
LTCUSDT,-19.769079809656798,23.367697594501717,291,0.024309600692262734,-3.683744699960012,50,14,5,0.45,1.5,
CATIUSDT,-19.77926162213393,14.957264957264957,234,0.005823290073503351,-5.052438305977165,50,14,5,0.45,1.5,
YFIUSDT,-19.780067075976717,23.972602739726025,292,0.0240478215051132,-4.13079418723362,50,14,5,0.45,1.5,
ALICEUSDT,-19.918234790002064,25.555555555555554,270,0.017667656964337475,-3.1585385372797625,50,14,5,0.45,1.5,
GLMUSDT,-20.32173642394332,22.105263157894736,285,0.020326050549468455,-2.6714023211899574,50,14,5,0.45,1.5,
TWTUSDT,-20.463188556109102,23.890784982935152,293,0.02184500755670893,-3.621958921701161,50,14,5,0.45,1.5,
ARPAUSDT,-20.46351135909788,23.63013698630137,292,0.021583416087156415,-2.6907365018115965,50,14,5,0.45,1.5,
VICUSDT,-20.466191216810117,22.509225092250922,271,0.01552875859684999,-3.4856221032804315,50,14,5,0.45,1.5,
AGLDUSDT,-20.6123584811648,23.18840579710145,276,0.016388207548079237,-2.4324414381994766,50,14,5,0.45,1.5,
APTUSDT,-20.87390927231574,22.64808362369338,287,0.018421363408949176,-3.3326170831624506,50,14,5,0.45,1.5,
XTZUSDT,-20.99803651977312,23.79310344827586,290,0.01870054181511982,-4.299414821715378,50,14,5,0.45,1.5,
COMPUSDT,-21.061131012487436,26.44927536231884,276,0.014297570965537965,-4.096588357407418,50,14,5,0.45,1.5,
RSRUSDT,-21.08909212952473,25.259515570934255,289,0.018044970704056418,-2.719206525397541,50,14,5,0.45,1.5,
SANDUSDT,-21.121388439022436,24.175824175824175,273,0.013076238273712626,-3.6438654861441706,50,14,5,0.45,1.5,
GRTUSDT,-21.289804507283915,23.674911660777383,283,0.015353059339062725,-3.2401946575666036,50,14,5,0.45,1.5,
DEGOUSDT,-21.508650534445025,27.68166089965398,289,0.016185630025522535,-1.7302263110566645,50,14,5,0.45,1.5,
LINAUSDT,-21.580812742855983,23.357664233576642,274,0.011228430400689327,-3.479911464315692,50,14,5,0.45,1.5,
FIDAUSDT,-21.62833949861934,22.866894197952217,293,0.002883015415422463,-2.9720181228610603,50,14,5,0.45,1.5,
BLURUSDT,-22.098171165179988,24.398625429553263,291,0.014156033274037583,-3.3869418121088612,50,14,5,0.45,1.5,
RAYUSDT,-22.127414236454467,24.013157894736842,304,0.017738302648040438,-2.444500363269751,50,14,5,0.45,1.5,
ATOMUSDT,-22.201806075793144,24.637681159420293,276,0.008968431034195312,-1.7905568484718166,50,14,5,0.45,1.5,
JUPUSDT,-22.26516511130071,23.1023102310231,303,0.016846865243169695,-3.5172954708006228,50,14,5,0.45,1.5,
STEEMUSDT,-22.285646367665624,26.618705035971225,278,0.009320447829153089,-2.9640429770397674,50,14,5,0.45,1.5,
TLMUSDT,-22.39943261907869,23.104693140794225,277,0.008381976582483297,-3.0911197773624193,50,14,5,0.45,1.5,
QTUMUSDT,-22.435608196983186,25.170068027210885,294,0.013547451909934338,-4.303359243741486,50,14,5,0.45,1.5,
ACEUSDT,-22.923339814770546,24.46808510638298,282,0.0076370694879646095,-3.8234948873545735,50,14,5,0.45,1.5,
SFPUSDT,-22.991217317697686,21.192052980132452,302,0.01349747452625838,-5.001157415978428,50,14,5,0.45,1.5,
KAVAUSDT,-23.253069385779906,24.013157894736842,304,0.012917802835876735,-4.7007500098342465,50,14,5,0.45,1.5,
AXLUSDT,-23.34079133042224,23.367697594501717,291,0.008680355008228169,-3.56429353520911,50,14,5,0.45,1.5,
STPTUSDT,-23.369206496803134,26.16487455197133,279,0.00461904054633866,-3.9457913023503157,50,14,5,0.45,1.5,
FIOUSDT,-23.64885362649332,25.0,280,0.003582940369417642,-2.554444408000846,50,14,5,0.45,1.5,
VANRYUSDT,-23.813169275627786,22.758620689655174,290,0.0062218939052005595,-3.0836518052867445,50,14,5,0.45,1.5,
MKRUSDT,-23.81597251548405,22.58064516129032,279,0.0024609077876158736,-4.304135762804923,50,14,5,0.45,1.5,
LPTUSDT,-24.18785033334114,24.02826855123675,283,0.002152835062463332,-3.769587295538837,50,14,5,0.45,1.5,
MBOXUSDT,-24.213199533020916,23.60655737704918,305,0.009086394511181872,-3.0388774588187077,50,14,5,0.45,1.5,
XVGUSDT,-24.319285005368698,25.163398692810457,306,0.00883957415298564,-3.3930819502310197,50,14,5,0.45,1.5,
QNTUSDT,-24.36028986867331,21.933085501858738,269,-0.00379656325563138,-4.257327958519789,50,14,5,0.45,1.5,
FTTUSDT,-24.386076678617684,19.71326164874552,279,-0.000293309393506469,-1.6637582057416458,50,14,5,0.45,1.5,
SCUSDT,-24.386394727207776,21.333333333333336,300,0.006732668650366591,-1.5747223195819164,50,14,5,0.45,1.5,
SUNUSDT,-24.54550786242549,21.453287197231834,289,0.00258835291300219,-3.8267299349177026,50,14,5,0.45,1.5,
AVAXUSDT,-25.009945371699494,22.302158273381295,278,-0.0035017201874376624,-5.065493517725336,50,14,5,0.45,1.5,
AIUSDT,-25.016828851502144,23.843416370106763,281,-0.002455111489119144,-3.7132708374117267,50,14,5,0.45,1.5,
ZENUSDT,-25.341861930054776,23.841059602649008,302,0.0032252838439106313,-2.978094327669338,50,14,5,0.45,1.5,
HOTUSDT,-25.38968849978434,22.021660649819495,277,-0.005719605673271122,-4.692006360550222,50,14,5,0.45,1.5,
CAKEUSDT,-25.423661989049346,23.972602739726025,292,-0.000475858767456927,-5.575177708706169,50,14,5,0.45,1.5,
CTSIUSDT,-25.43952412587075,22.635135135135133,296,0.0008187492022360132,-4.303741112525537,50,14,5,0.45,1.5,
AEVOUSDT,-25.479254150959736,21.575342465753426,292,-0.0007547497622772958,-4.055054704643321,50,14,5,0.45,1.5,
POLYXUSDT,-25.492317295474347,22.340425531914892,282,-0.004384847361249555,-4.233545831533815,50,14,5,0.45,1.5,
FILUSDT,-25.563680842065832,25.735294117647058,272,-0.008579637143169005,-4.088317821889262,50,14,5,0.45,1.5,
USUALUSDT,-25.618567979222057,14.516129032258066,186,-0.05910368070026761,-7.298695321845938,50,14,5,0.45,1.5,
CHZUSDT,-25.701916319188033,22.021660649819495,277,-0.0072708170270829875,-4.903038688551726,50,14,5,0.45,1.5,
WLDUSDT,-25.71450780363056,22.22222222222222,306,0.0028379853300730673,-3.3866889338907313,50,14,5,0.45,1.5,
HFTUSDT,-25.737488471207275,24.22145328719723,289,-0.0029699389454518332,-5.236781081450508,50,14,5,0.45,1.5,
ICPUSDT,-25.742657343351656,23.943661971830984,284,-0.0047925399301096405,-5.049179363696252,50,14,5,0.45,1.5,
EOSUSDT,-25.794646569390096,22.69503546099291,282,-0.005813039178781398,-5.593672428524386,50,14,5,0.45,1.5,
SUSHIUSDT,-25.93752353984284,23.131672597864767,281,-0.0068372766174884525,-5.467045051940805,50,14,5,0.45,1.5,
BALUSDT,-26.018638707097235,22.92358803986711,301,-0.00010995306715111397,-5.889428478001658,50,14,5,0.45,1.5,
BANANAUSDT,-26.293570189463523,17.441860465116278,258,-0.01826515367492343,-5.416910487273903,50,14,5,0.45,1.5,
COSUSDT,-26.301161238412853,24.91349480968858,289,-0.005648356403209487,-2.4321754057090854,50,14,5,0.45,1.5,
ENJUSDT,-26.398510072228603,24.46808510638298,282,-0.008665414514164027,-4.619684880236769,50,14,5,0.45,1.5,
SEIUSDT,-26.545843822402627,20.89041095890411,292,-0.005658812545072944,-4.225088669500631,50,14,5,0.45,1.5,
TNSRUSDT,-26.75526971450703,22.54901960784314,306,-0.001773594082876695,-3.3023753319093165,50,14,5,0.45,1.5,
ZKUSDT,-27.073089889116513,17.96875,256,-0.023299281657895854,-7.383076556490508,50,14,5,0.45,1.5,
INJUSDT,-27.18453049531202,21.72413793103448,290,-0.009421124759256827,-4.539826143099742,50,14,5,0.45,1.5,
LEVERUSDT,-27.407126967930957,24.324324324324326,296,-0.008196479864430728,-4.057494303794921,50,14,5,0.45,1.5,
MLNUSDT,-28.337499417863913,21.052631578947366,285,-0.016940010725086108,-3.0044645251761013,50,14,5,0.45,1.5,
TUSDT,-28.461891707799907,23.826714801444044,277,-0.02091281204361639,-6.37214636154163,50,14,5,0.45,1.5,
ALGOUSDT,-28.48888560114399,23.272727272727273,275,-0.021912038829463576,-5.725621465783296,50,14,5,0.45,1.5,
FUNUSDT,-28.494664579759675,19.924812030075188,266,-0.02607545374236908,-5.5498218525571055,50,14,5,0.45,1.5,
FLOWUSDT,-28.61095120400421,22.145328719723185,289,-0.016604052930702107,-5.158635068565199,50,14,5,0.45,1.5,
HMSTRUSDT,-28.68965260236959,14.418604651162791,215,-0.05717935378325434,-10.83985976212044,50,14,5,0.45,1.5,
VETUSDT,-28.740258346285728,20.212765957446805,282,-0.020147842493978274,-4.402225718031611,50,14,5,0.45,1.5,
CVCUSDT,-28.754709310552094,23.448275862068964,290,-0.016926325800004083,-4.158188894131213,50,14,5,0.45,1.5,
CHRUSDT,-28.868545748849517,23.0,300,-0.013557557354892946,-4.979062450760112,50,14,5,0.45,1.5,
IDEXUSDT,-28.916991989464186,25.36231884057971,276,-0.02364292897248932,-4.2131522881313765,50,14,5,0.45,1.5,
ZROUSDT,-28.96586960563208,17.647058823529413,238,-0.043685621833122745,-8.663914401361724,50,14,5,0.45,1.5,
CETUSUSDT,-29.51987278318645,12.716763005780345,173,-0.10213273394320543,-17.105235474600395,50,14,5,0.45,1.5,
ETHUSDT,-29.530513604867892,26.978417266187048,278,-0.026204959686437768,-4.322597858164084,50,14,5,0.45,1.5,
ETCUSDT,-29.531423116727268,22.413793103448278,290,-0.02068595034898646,-7.7336036855022225,50,14,5,0.45,1.5,
GALAUSDT,-29.683085725746285,23.26388888888889,288,-0.022277297780837202,-5.2619520556878765,50,14,5,0.45,1.5,
ACHUSDT,-29.84463971577754,20.833333333333336,288,-0.023075810256178997,-5.861884019018255,50,14,5,0.45,1.5,
TRBUSDT,-30.30321080550959,21.49837133550489,307,-0.017604482254862663,-5.430185979606215,50,14,5,0.45,1.5,
ORDIUSDT,-30.320647441210795,22.895622895622896,297,-0.021600019570466866,-5.066781289256511,50,14,5,0.45,1.5,
LINKUSDT,-30.596431073591855,21.299638989169676,277,-0.03184071946831235,-6.865921030148549,50,14,5,0.45,1.5,
ZILUSDT,-30.667954457617075,21.62162162162162,296,-0.023725599300994382,-7.733764255446415,50,14,5,0.45,1.5,
IOUSDT,-31.038546734342443,19.140625,256,-0.045163322358920954,-7.481013993203528,50,14,5,0.45,1.5,
NKNUSDT,-31.396671204637887,24.02826855123675,283,-0.03314204436777324,-5.8888269380585045,50,14,5,0.45,1.5,
DEXEUSDT,-31.456969554837062,23.103448275862068,290,-0.030152638034064427,-5.0003095017002765,50,14,5,0.45,1.5,
BCHUSDT,-31.685523940063348,22.413793103448278,290,-0.03144200281476328,-7.56782352703711,50,14,5,0.45,1.5,
EDUUSDT,-32.13724770365843,22.112211221122113,303,-0.02794029434595169,-7.664492587722273,50,14,5,0.45,1.5,
CKBUSDT,-32.21730067770666,21.453287197231834,289,-0.03456476719717605,-5.606923608088376,50,14,5,0.45,1.5,
DGBUSDT,-32.2359890583878,21.03448275862069,290,-0.03418540053410357,-5.643579501603537,50,14,5,0.45,1.5,
CELOUSDT,-32.42737952656866,22.02797202797203,286,-0.03702482992539169,-7.690372223608371,50,14,5,0.45,1.5,
ETHFIUSDT,-32.622954000789164,20.97902097902098,286,-0.03807935159906295,-6.118704389549065,50,14,5,0.45,1.5,
THETAUSDT,-32.62733378554171,22.058823529411764,272,-0.045154401916602804,-7.719075812807585,50,14,5,0.45,1.5,
PORTALUSDT,-33.06289345950927,21.91780821917808,292,-0.03747647675489407,-6.722330462698617,50,14,5,0.45,1.5,
IOTAUSDT,-33.489917428443476,20.48611111111111,288,-0.041588132883974005,-8.150812690880043,50,14,5,0.45,1.5,
NFPUSDT,-33.77297812216772,21.52777777777778,288,-0.043065943807529816,-6.619580248735627,50,14,5,0.45,1.5,
AAVEUSDT,-34.077262821850354,21.631205673758867,282,-0.047756154589684296,-7.987461335058164,50,14,5,0.45,1.5,
MASKUSDT,-34.21593629733977,21.0,300,-0.03957677352454114,-8.298411644770104,50,14,5,0.45,1.5,
PERPUSDT,-34.67395123227795,21.830985915492956,284,-0.04991229376258843,-8.07803771789055,50,14,5,0.45,1.5,
CVXUSDT,-34.71797507568966,22.185430463576157,302,-0.04121026507071246,-4.879967246571642,50,14,5,0.45,1.5,
LQTYUSDT,-34.73166869849212,22.039473684210524,304,-0.0403172216715153,-6.17042116035342,50,14,5,0.45,1.5,
RIFUSDT,-34.83200519596997,20.415224913494807,289,-0.04818423250055881,-8.961169950052046,50,14,5,0.45,1.5,
MTLUSDT,-35.29511813340134,24.46808510638298,282,-0.05442694712903817,-5.187893782601468,50,14,5,0.45,1.5,
JTOUSDT,-35.31042438269702,21.122112211221122,303,-0.043704322408155694,-6.530160479255914,50,14,5,0.45,1.5,
SNTUSDT,-35.49469546606864,22.68041237113402,291,-0.05063418106534545,-9.507323030445015,50,14,5,0.45,1.5,
REZUSDT,-35.97851799265728,22.02797202797203,286,-0.0559475685788291,-5.773470854123795,50,14,5,0.45,1.5,
OGNUSDT,-37.32196905408186,20.274914089347078,291,-0.06051213184069537,-7.728636062079141,50,14,5,0.45,1.5,
FXSUSDT,-37.47637003464634,20.344827586206897,290,-0.06184639955927329,-10.683548185172238,50,14,5,0.45,1.5,
NEIROUSDT,-37.58150969687256,15.22633744855967,243,-0.09382452250269457,-13.86454676857132,50,14,5,0.45,1.5,
OMUSDT,-38.0174425210324,20.382165605095544,314,-0.05232277388733664,-9.078726753715769,50,14,5,0.45,1.5,
XRPUSDT,-38.241334648352165,21.071428571428573,280,-0.07207721580553272,-15.046197962484058,50,14,5,0.45,1.5,
BSWUSDT,-38.447985075398535,23.02405498281787,291,-0.06675470033175035,-5.4921154209530405,50,14,5,0.45,1.5,
PAXGUSDT,-38.97431128191195,8.469055374592834,307,-0.061102588793737755,-37.08961186731274,50,14,5,0.45,1.5,
STORJUSDT,-39.021803903888035,20.666666666666668,300,-0.0648606945698682,-11.629191056431447,50,14,5,0.45,1.5,
BELUSDT,-39.575001244665344,20.735785953177256,299,-0.0684167426663218,-11.463511416136015,50,14,5,0.45,1.5,
IOSTUSDT,-39.6509643644421,18.40277777777778,288,-0.08233788139162534,-13.32382873061745,50,14,5,0.45,1.5,
NEARUSDT,-39.86717512920651,17.770034843205575,287,-0.0771665032772817,-4.097437918529472,50,14,5,0.45,1.5,
FETUSDT,-39.887328469851624,20.774647887323944,284,-0.07919665129371145,-9.890007826562249,50,14,5,0.45,1.5,
SUIUSDT,-40.28844815475744,19.34426229508197,305,-0.06904544278746316,-11.13089819709971,50,14,5,0.45,1.5,
PEOPLEUSDT,-40.63796538919184,26.072607260726073,303,-0.07215136903269137,-4.275432969486298,50,14,5,0.45,1.5,
RADUSDT,-40.923181927759295,22.591362126245848,301,-0.07480871395689759,-6.813593219607121,50,14,5,0.45,1.5,
DOGEUSDT,-41.4301356787942,21.79930795847751,289,-0.0850454152004132,-13.689314160120418,50,14,5,0.45,1.5,
AUCTIONUSDT,-41.665191263492545,21.232876712328768,292,-0.08448842910859788,-10.886688666224885,50,14,5,0.45,1.5,
STRAXUSDT,-42.57032541511443,18.45018450184502,271,-0.10453485889240222,-12.629627406631242,50,14,5,0.45,1.5,
NOTUSDT,-43.282254140742715,22.336769759450174,291,-0.0947647238256355,-8.342481607209553,50,14,5,0.45,1.5,
ASTRUSDT,-43.56366179210197,18.088737201365188,293,-0.09515920102304287,-16.188041830138147,50,14,5,0.45,1.5,
REIUSDT,-43.8384901453246,20.065789473684212,304,-0.08971662721517504,-9.638054140310471,50,14,5,0.45,1.5,
AXSUSDT,-44.2727413486248,18.53146853146853,286,-0.10435390364509356,-17.149702548978144,50,14,5,0.45,1.5,
SAGAUSDT,-44.36710491127546,20.557491289198605,287,-0.10429117549549671,-12.346397459952218,50,14,5,0.45,1.5,
1INCHUSDT,-46.206204180196245,24.758842443729904,311,-0.09931854692915021,-7.62596725314809,50,14,5,0.45,1.5,
DFUSDT,-47.45047940941783,20.921985815602838,282,-0.12798734166293846,-11.61236882910262,50,14,5,0.45,1.5,
KSMUSDT,-53.513567755222184,19.093851132686083,309,-0.14776292200865404,-15.061029427010611,50,14,5,0.45,1.5,
BNXUSDT,-55.899356017507216,19.031141868512112,289,-0.18301982190762622,-22.405364650845186,50,14,5,0.45,1.5,
RDNTUSDT,-58.1583955368363,21.140939597315437,298,-0.1922024455630722,-11.916266039218016,50,14,5,0.45,1.5,
SYNUSDT,-58.79465355940653,22.58064516129032,310,-0.18574846100885,-15.808641747595228,50,14,5,0.45,1.5,
SSVUSDT,-58.837724530242454,24.100719424460433,278,-0.2190820152577877,-10.73827276771465,50,14,5,0.45,1.5,
ALTUSDT,-60.693932498841285,21.34831460674157,267,-0.24941129269342444,-14.388051628217529,50,14,5,0.45,1.5,
REDUSDT,-64.99219691847603,9.523809523809524,84,-1.1411732842409372,-692797.4102740206,50,14,5,0.45,1.5,
