Symbol,Timeframe,Start Date,End Date,Stop_loss_multiplier,Take_profit_multiplier,Total Trades,Win Rate,Return [%],Long Trades,Short Trades,Long Return [%],Short Return [%],Long Win Rate [%],Short Win Rate [%]
BNBUSDT,1h,2025-02-24 17:00:00+00:00,2025-03-26 17:00:00+00:00,0.45,1.25,57,36.84210526315789,-0.32831001529592324,30,27,0.005920256703293658,0.051805060657272195,30.0,44.44444444444444
BTCUSDT,1h,2025-02-24 17:00:00+00:00,2025-03-26 17:00:00+00:00,0.45,1.25,64,37.5,2.2662367293603136,37,27,0.061701931571117585,0.027565007563924326,40.54054054054054,33.33333333333333
ETHUSDT,1h,2025-02-24 17:00:00+00:00,2025-03-26 17:00:00+00:00,0.45,1.25,58,18.96551724137931,-15.108813443878189,22,36,-0.048420021257639445,-0.07000824093532498,13.636363636363635,22.22222222222222
CAKEUSDT,1h,2025-02-24 17:00:00+00:00,2025-03-26 17:00:00+00:00,0.45,1.25,48,27.083333333333332,-9.223514772827295,19,29,-0.031699700182713064,0.014123662702614115,21.052631578947366,31.03448275862069
SCUSDT,1h,2025-02-24 17:00:00+00:00,2025-03-26 17:00:00+00:00,0.45,1.25,66,25.757575757575758,-3.70323088338034,29,37,-0.018132794338868385,0.0037625235267751966,24.137931034482758,27.027027027027028
PROMUSDT,1h,2025-02-24 17:00:00+00:00,2025-03-26 17:00:00+00:00,0.45,1.25,58,27.586206896551722,-6.175118301194464,36,22,0.045426910445381385,-0.06132611804646726,33.33333333333333,18.181818181818183
SUSDT,1h,2025-02-24 17:00:00+00:00,2025-03-26 17:00:00+00:00,0.45,1.25,89,29.213483146067414,2.0083598337616304,47,42,0.007702973262063817,0.0811369453641615,27.659574468085108,30.952380952380953
TNSRUSDT,1h,2025-02-24 17:00:00+00:00,2025-03-26 17:00:00+00:00,0.45,1.25,51,31.372549019607842,1.0351878877225449,12,39,-0.013177274068501221,0.0873332188355257,25.0,33.33333333333333
VANAUSDT,1h,2025-02-24 17:00:00+00:00,2025-03-26 17:00:00+00:00,0.45,1.25,52,26.923076923076923,-14.595715400970159,19,33,-0.08214495793148102,0.0358284746648041,21.052631578947366,30.303030303030305
TSTUSDT,1h,2025-02-24 17:00:00+00:00,2025-03-26 17:00:00+00:00,0.45,1.25,56,32.142857142857146,7.9960536718708,22,34,0.057943944369028944,0.07000562057397308,31.818181818181817,32.35294117647059
1000CHEEMSUSDT,1h,2025-02-24 17:00:00+00:00,2025-03-26 17:00:00+00:00,0.45,1.25,41,31.70731707317073,-1.0791592248803121,31,10,-0.011232509540757607,0.0723942252890758,25.806451612903224,50.0
CETUSUSDT,1h,2025-02-24 17:00:00+00:00,2025-03-26 17:00:00+00:00,0.45,1.25,75,30.666666666666664,0.23441719632658642,38,37,0.03791755683478337,0.09242279451036794,28.947368421052634,32.432432432432435
MEMEUSDT,1h,2025-02-24 17:00:00+00:00,2025-03-26 17:00:00+00:00,0.45,1.25,77,36.36363636363637,13.304897777513297,24,53,0.0025722089495406886,0.2876809392941768,25.0,41.509433962264154
KNCUSDT,1h,2025-02-24 17:00:00+00:00,2025-03-26 17:00:00+00:00,0.45,1.25,75,32.0,-2.4997368122008514,44,31,-0.017989349690125,0.09679012004634358,25.0,41.935483870967744
ZECUSDT,1h,2025-02-24 17:00:00+00:00,2025-03-26 17:00:00+00:00,0.45,1.25,78,48.717948717948715,32.599326308108914,43,35,0.24437888705442512,0.1642891498265855,53.48837209302325,42.857142857142854
IOTAUSDT,1h,2025-02-24 17:00:00+00:00,2025-03-26 17:00:00+00:00,0.45,1.25,89,21.34831460674157,-19.574606543296728,40,49,-0.1712192399750435,0.020309551404867898,15.0,26.53061224489796
TURBOUSDT,1h,2025-02-24 17:00:00+00:00,2025-03-26 17:00:00+00:00,0.45,1.25,81,40.74074074074074,28.585574871519697,33,48,-0.000734505186915313,0.5204837430340226,24.242424242424242,52.083333333333336
SXPUSDT,1h,2025-02-24 17:00:00+00:00,2025-03-26 17:00:00+00:00,0.45,1.25,74,32.432432432432435,-1.2986023991711786,38,36,0.04060273435741468,0.08601253095476258,31.57894736842105,33.33333333333333
BIOUSDT,1h,2025-02-24 17:00:00+00:00,2025-03-26 17:00:00+00:00,0.45,1.25,70,34.285714285714285,9.522230263268156,29,41,0.009647743566407851,0.20738089733993292,27.586206896551722,39.02439024390244
NOTUSDT,1h,2025-02-24 17:00:00+00:00,2025-03-26 17:00:00+00:00,0.45,1.25,51,29.411764705882355,-1.1633668715763488,24,27,-0.007978924601379944,0.051224957258486414,25.0,33.33333333333333
CRVUSDT,1h,2025-02-24 17:00:00+00:00,2025-03-26 17:00:00+00:00,0.45,1.25,78,21.794871794871796,-14.67504759706566,48,30,-0.10036220636216286,0.02254577260593127,18.75,26.666666666666668
CGPTUSDT,1h,2025-02-24 17:00:00+00:00,2025-03-26 17:00:00+00:00,0.45,1.25,98,27.55102040816326,-7.211191700440726,47,51,-0.02538673622832477,0.0874427699399557,21.27659574468085,33.33333333333333
IOTXUSDT,1h,2025-02-24 17:00:00+00:00,2025-03-26 17:00:00+00:00,0.45,1.25,77,33.76623376623377,5.744703257152951,43,34,0.010138459807118139,0.18192741490861064,27.906976744186046,41.17647058823529
ORCAUSDT,1h,2025-02-24 17:00:00+00:00,2025-03-26 17:00:00+00:00,0.45,1.25,54,37.03703703703704,-3.7000838667984355,17,37,0.007437339044217728,0.13135328564344928,35.294117647058826,37.83783783783784
DUSDT,1h,2025-02-24 17:00:00+00:00,2025-03-26 17:00:00+00:00,0.45,1.25,70,25.71428571428571,-9.588106592917162,28,42,-0.034335961723071184,-0.014888123485860771,21.428571428571427,28.57142857142857
WLDUSDT,1h,2025-02-24 17:00:00+00:00,2025-03-26 17:00:00+00:00,0.45,1.25,81,28.39506172839506,-6.382996592173143,29,52,0.0848159186063504,-0.05727246442213163,37.93103448275862,23.076923076923077
UMAUSDT,1h,2025-02-24 17:00:00+00:00,2025-03-26 17:00:00+00:00,0.45,1.25,80,28.749999999999996,-6.097967634224053,31,49,-0.039091863006682104,0.10083525308724695,22.58064516129032,32.6530612244898
SYSUSDT,1h,2025-02-24 17:00:00+00:00,2025-03-26 17:00:00+00:00,0.45,1.25,87,28.735632183908045,-3.7967309551461597,31,56,-0.07172373284548017,0.1566378964274141,16.129032258064516,35.714285714285715
LISTAUSDT,1h,2025-02-24 17:00:00+00:00,2025-03-26 17:00:00+00:00,0.45,1.25,75,33.33333333333333,1.7544781244903336,31,44,0.004609220055617369,0.11485200649902638,29.03225806451613,36.36363636363637
EIGENUSDT,1h,2025-02-24 17:00:00+00:00,2025-03-26 17:00:00+00:00,0.45,1.25,78,25.64102564102564,-14.14341131176498,24,54,-0.05942573180102462,0.10470348251284645,20.833333333333336,27.77777777777778
ZRXUSDT,1h,2025-02-24 17:00:00+00:00,2025-03-26 17:00:00+00:00,0.45,1.25,71,36.61971830985916,4.751661103383138,31,40,-0.0022879681742846714,0.18628720852523395,25.806451612903224,45.0
LINAUSDT,1h,2025-02-24 17:00:00+00:00,2025-03-26 17:00:00+00:00,0.45,1.25,59,42.3728813559322,63.278267977556936,8,51,0.03669244226694657,0.7149157119445997,37.5,43.13725490196079
SOLVUSDT,1h,2025-02-24 17:00:00+00:00,2025-03-26 17:00:00+00:00,0.45,1.25,58,31.03448275862069,-5.078230144337332,18,40,0.022644094698669237,0.07881274136433247,27.77777777777778,32.5
MEUSDT,1h,2025-02-24 17:00:00+00:00,2025-03-26 17:00:00+00:00,0.45,1.25,81,27.160493827160494,-11.043999237390235,38,43,-0.009023227125277922,-0.011725499769964287,26.31578947368421,27.906976744186046
DEGOUSDT,1h,2025-02-24 17:00:00+00:00,2025-03-26 17:00:00+00:00,0.45,1.25,64,17.1875,-15.507255438910589,44,20,0.014014953028845811,-0.12481185221193081,22.727272727272727,5.0
LRCUSDT,1h,2025-02-24 17:00:00+00:00,2025-03-26 17:00:00+00:00,0.45,1.25,95,26.31578947368421,-18.27707215649885,30,65,0.02340719301350891,-0.1015880405451105,33.33333333333333,23.076923076923077
MOVRUSDT,1h,2025-02-24 17:00:00+00:00,2025-03-26 17:00:00+00:00,0.45,1.25,80,30.0,-5.984238609618553,33,47,-0.0008066599040896794,0.09287519911662045,27.27272727272727,31.914893617021278
DIAUSDT,1h,2025-02-24 17:00:00+00:00,2025-03-26 17:00:00+00:00,0.45,1.25,86,29.069767441860467,-7.517784584834997,45,41,-0.07814381148358707,0.15653590034828435,20.0,39.02439024390244
ARPAUSDT,1h,2025-02-24 17:00:00+00:00,2025-03-26 17:00:00+00:00,0.45,1.25,77,23.376623376623375,-11.22189758866201,33,44,-0.08412331641251602,0.05894609061080158,15.151515151515152,29.545454545454547
LUMIAUSDT,1h,2025-02-24 17:00:00+00:00,2025-03-26 17:00:00+00:00,0.45,1.25,84,14.285714285714285,-34.69259671940634,53,31,-0.13989311663181891,-0.20094088033239343,16.9811320754717,9.67741935483871
SSVUSDT,1h,2025-02-24 17:00:00+00:00,2025-03-26 17:00:00+00:00,0.45,1.25,76,34.21052631578947,11.835912869767588,34,42,0.019940952213335805,0.20108341936760188,29.411764705882355,38.095238095238095
NEIROUSDT,1h,2025-02-24 17:00:00+00:00,2025-03-26 17:00:00+00:00,0.45,1.25,69,20.28985507246377,-20.893165558142158,33,36,-0.06063415011496898,-0.15477242901286592,21.21212121212121,19.444444444444446
ACEUSDT,1h,2025-02-24 17:00:00+00:00,2025-03-26 17:00:00+00:00,0.45,1.25,84,25.0,-0.5797989431753987,43,41,-0.15552817783007677,0.2169219412294231,11.627906976744185,39.02439024390244
PEOPLEUSDT,1h,2025-02-24 17:00:00+00:00,2025-03-26 17:00:00+00:00,0.45,1.25,62,37.096774193548384,18.513723490481148,29,33,0.11948404101015031,0.08378476182019234,41.37931034482759,33.33333333333333
CHRUSDT,1h,2025-02-24 17:00:00+00:00,2025-03-26 17:00:00+00:00,0.45,1.25,79,22.78481012658228,-17.32232846126128,36,43,-0.00501473305914657,-0.08352959275379146,25.0,20.930232558139537
ARKUSDT,1h,2025-02-24 17:00:00+00:00,2025-03-26 17:00:00+00:00,0.45,1.25,75,34.66666666666667,3.3269729961776524,31,44,0.022619679023044403,0.11132346406637406,35.483870967741936,34.090909090909086
METISUSDT,1h,2025-02-24 17:00:00+00:00,2025-03-26 17:00:00+00:00,0.45,1.25,78,24.358974358974358,-15.217186596321689,35,43,-0.07455824380694442,0.0273733840435193,20.0,27.906976744186046
DYMUSDT,1h,2025-02-24 17:00:00+00:00,2025-03-26 17:00:00+00:00,0.45,1.25,60,36.666666666666664,-0.569967413548939,13,47,-0.08421117627362995,0.2401101370698605,7.6923076923076925,44.680851063829785
IOUSDT,1h,2025-02-24 17:00:00+00:00,2025-03-26 17:00:00+00:00,0.45,1.25,81,29.629629629629626,3.7459884306882274,24,57,-0.08750065846449773,0.20666131338291338,12.5,36.84210526315789
DFUSDT,1h,2025-02-24 17:00:00+00:00,2025-03-26 17:00:00+00:00,0.45,1.25,64,29.6875,4.642441831902403,34,30,0.14574736650277786,-0.04337002922591182,41.17647058823529,16.666666666666664
HOTUSDT,1h,2025-02-24 17:00:00+00:00,2025-03-26 17:00:00+00:00,0.45,1.25,81,24.691358024691358,-12.79133295606711,31,50,-0.019495654854839062,-0.0444750548842312,22.58064516129032,26.0
COOKIEUSDT,1h,2025-02-24 17:00:00+00:00,2025-03-26 17:00:00+00:00,0.45,1.25,59,37.28813559322034,20.24017048605408,18,41,-0.07343354300683769,0.41558177081585845,16.666666666666664,46.34146341463415
LSKUSDT,1h,2025-02-24 17:00:00+00:00,2025-03-26 17:00:00+00:00,0.45,1.25,91,25.274725274725274,-12.178295900597783,32,59,-0.02469798305116211,0.04549667231505894,21.875,27.11864406779661
PHAUSDT,1h,2025-02-24 17:00:00+00:00,2025-03-26 17:00:00+00:00,0.45,1.25,81,23.456790123456788,-10.573495938406442,28,53,-0.05737404303989779,-0.006058290622072415,17.857142857142858,26.41509433962264
MAVUSDT,1h,2025-02-24 17:00:00+00:00,2025-03-26 17:00:00+00:00,0.45,1.25,74,25.675675675675674,-8.653130117398455,46,28,-0.05427461757417962,0.06061175107479633,21.73913043478261,32.142857142857146
STRKUSDT,1h,2025-02-24 17:00:00+00:00,2025-03-26 17:00:00+00:00,0.45,1.25,69,31.88405797101449,3.4627966932421086,22,47,-0.01643721499290607,0.1259674115252134,22.727272727272727,36.17021276595745
STRAXUSDT,1h,2025-02-24 17:00:00+00:00,2025-03-26 17:00:00+00:00,0.45,1.25,69,27.536231884057973,-13.32952571633882,31,38,-0.06900819666225688,0.059749255447564376,19.35483870967742,34.21052631578947
PERPUSDT,1h,2025-02-24 17:00:00+00:00,2025-03-26 17:00:00+00:00,0.45,1.25,76,19.736842105263158,-19.57998248574736,37,39,-0.040039225540911216,-0.08559038777913874,21.62162162162162,17.94871794871795
ZILUSDT,1h,2025-02-24 17:00:00+00:00,2025-03-26 17:00:00+00:00,0.45,1.25,68,26.47058823529412,-10.16650396257143,27,41,-0.0031740426381027254,0.027486932537690523,25.925925925925924,26.82926829268293
STXUSDT,1h,2025-02-24 17:00:00+00:00,2025-03-26 17:00:00+00:00,0.45,1.25,70,27.142857142857142,-9.900812789142492,22,48,-0.01939623852139727,0.019578077924929715,27.27272727272727,27.083333333333332
GMTUSDT,1h,2025-02-24 17:00:00+00:00,2025-03-26 17:00:00+00:00,0.45,1.25,70,25.71428571428571,-7.327818077919924,36,34,-0.0582617710016613,0.07146522100145469,22.22222222222222,29.411764705882355
ACHUSDT,1h,2025-02-24 17:00:00+00:00,2025-03-26 17:00:00+00:00,0.45,1.25,60,25.0,-15.397011053438531,17,43,-0.12038087078547499,0.05222177013882856,5.88235294117647,32.55813953488372
ENAUSDT,1h,2025-02-24 17:00:00+00:00,2025-03-26 17:00:00+00:00,0.45,1.25,50,24.0,-7.118475825255271,28,22,-0.06008729620198683,0.02850232351703441,21.428571428571427,27.27272727272727
HMSTRUSDT,1h,2025-02-24 17:00:00+00:00,2025-03-26 17:00:00+00:00,0.45,1.25,52,17.307692307692307,-17.685824082605787,35,17,-0.09563557698724046,-0.06227779418122814,17.142857142857142,17.647058823529413
PYTHUSDT,1h,2025-02-24 17:00:00+00:00,2025-03-26 17:00:00+00:00,0.45,1.25,72,34.72222222222222,2.7486218378343157,23,49,-0.00704327720770237,0.21893957288111854,26.08695652173913,38.775510204081634
OMUSDT,1h,2025-02-24 17:00:00+00:00,2025-03-26 17:00:00+00:00,0.45,1.25,66,28.78787878787879,-1.0016286675194628,13,53,-0.055204986311223614,0.11310472413452621,7.6923076923076925,33.9622641509434
RAYUSDT,1h,2025-02-24 17:00:00+00:00,2025-03-26 17:00:00+00:00,0.45,1.25,76,25.0,-13.452858706075604,28,48,-0.14592677382371966,0.06508824826594206,14.285714285714285,31.25
VANRYUSDT,1h,2025-02-24 17:00:00+00:00,2025-03-26 17:00:00+00:00,0.45,1.25,88,34.090909090909086,18.760866830827645,33,55,-0.022322320247722516,0.3377623260267183,24.242424242424242,40.0
GUSDT,1h,2025-02-24 17:00:00+00:00,2025-03-26 17:00:00+00:00,0.45,1.25,70,31.428571428571427,1.1164136408746008,29,41,-0.024880871069509647,0.09640859679259828,24.137931034482758,36.58536585365854
CATIUSDT,1h,2025-02-24 17:00:00+00:00,2025-03-26 17:00:00+00:00,0.45,1.25,53,15.09433962264151,-19.139126848870994,27,26,-0.03508610631622866,-0.14742927183163468,22.22222222222222,7.6923076923076925
CTSIUSDT,1h,2025-02-24 17:00:00+00:00,2025-03-26 17:00:00+00:00,0.45,1.25,76,25.0,-11.310352714002518,37,39,-0.031860471315196315,0.025644190820794943,24.324324324324326,25.64102564102564
ETCUSDT,1h,2025-02-24 17:00:00+00:00,2025-03-26 17:00:00+00:00,0.45,1.25,71,28.169014084507044,-5.352989984913857,30,41,-0.03652902427112448,0.06266074603821037,20.0,34.146341463414636
MBOXUSDT,1h,2025-02-24 17:00:00+00:00,2025-03-26 17:00:00+00:00,0.45,1.25,79,26.582278481012654,-7.573191599668609,28,51,-0.010328516662338583,-0.0031383266487546857,21.428571428571427,29.411764705882355
QNTUSDT,1h,2025-02-24 17:00:00+00:00,2025-03-26 17:00:00+00:00,0.45,1.25,91,29.67032967032967,1.0417050311485072,33,58,0.0069336717222167055,0.11932646948881964,24.242424242424242,32.758620689655174
NMRUSDT,1h,2025-02-24 17:00:00+00:00,2025-03-26 17:00:00+00:00,0.45,1.25,60,36.666666666666664,10.180976873678597,12,48,0.012686421229492484,0.12247543471154121,33.33333333333333,37.5
RIFUSDT,1h,2025-02-24 17:00:00+00:00,2025-03-26 17:00:00+00:00,0.45,1.25,69,31.88405797101449,-4.06092308985627,30,39,0.008674612658935876,0.07870212897524032,30.0,33.33333333333333
GLMRUSDT,1h,2025-02-24 17:00:00+00:00,2025-03-26 17:00:00+00:00,0.45,1.25,72,30.555555555555557,-3.033833811990346,23,49,-0.007475343889705166,0.10966129326697482,26.08695652173913,32.6530612244898
GTCUSDT,1h,2025-02-24 17:00:00+00:00,2025-03-26 17:00:00+00:00,0.45,1.25,82,25.609756097560975,-7.352772856196202,34,48,0.019281570599010145,-0.04001838456660789,29.411764705882355,22.916666666666664
SNXUSDT,1h,2025-02-24 17:00:00+00:00,2025-03-26 17:00:00+00:00,0.45,1.25,88,29.545454545454547,-5.621854384208051,51,37,-0.02269239324666772,0.11509131205355405,25.49019607843137,35.13513513513514
COTIUSDT,1h,2025-02-24 17:00:00+00:00,2025-03-26 17:00:00+00:00,0.45,1.25,79,26.582278481012654,-10.581539580903097,43,36,-0.010498873802124109,0.015372782640778904,23.25581395348837,30.555555555555557
PIXELUSDT,1h,2025-02-24 17:00:00+00:00,2025-03-26 17:00:00+00:00,0.45,1.25,80,28.749999999999996,-0.12645561593375168,27,53,-0.02217003275694196,0.09046370763992784,22.22222222222222,32.075471698113205
MINAUSDT,1h,2025-02-24 17:00:00+00:00,2025-03-26 17:00:00+00:00,0.45,1.25,83,37.34939759036144,2.9325681200747957,34,49,0.045868938021275785,0.17162217461584361,35.294117647058826,38.775510204081634
ALTUSDT,1h,2025-02-24 17:00:00+00:00,2025-03-26 17:00:00+00:00,0.45,1.25,64,35.9375,11.04369184781101,28,36,0.1559445008841004,0.03536890218155031,46.42857142857143,27.77777777777778
OPUSDT,1h,2025-02-24 17:00:00+00:00,2025-03-26 17:00:00+00:00,0.45,1.25,74,36.486486486486484,5.660831528548081,29,45,0.07524655913897116,0.06269031812315773,41.37931034482759,33.33333333333333
GRTUSDT,1h,2025-02-24 17:00:00+00:00,2025-03-26 17:00:00+00:00,0.45,1.25,82,32.926829268292686,0.03987713890559971,28,54,-0.004471078681630658,0.17493332999220923,25.0,37.03703703703704
NKNUSDT,1h,2025-02-24 17:00:00+00:00,2025-03-26 17:00:00+00:00,0.45,1.25,76,31.57894736842105,-2.8128499703749896,37,39,0.042303214780398335,0.03126748070737673,32.432432432432435,30.76923076923077
ALPACAUSDT,1h,2025-02-24 17:00:00+00:00,2025-03-26 17:00:00+00:00,0.45,1.25,47,19.148936170212767,-19.61660860262073,6,41,-0.04046550150919026,-0.11916456451043966,16.666666666666664,19.51219512195122
WIFUSDT,1h,2025-02-24 17:00:00+00:00,2025-03-26 17:00:00+00:00,0.45,1.25,75,21.333333333333336,-22.561285719664873,37,38,-0.004622107863256786,-0.12589730769457685,24.324324324324326,18.421052631578945
DYDXUSDT,1h,2025-02-24 17:00:00+00:00,2025-03-26 17:00:00+00:00,0.45,1.25,68,26.47058823529412,-10.646825922887562,38,30,-0.011916660933348977,-0.017154286143218123,26.31578947368421,26.666666666666668
AIUSDT,1h,2025-02-24 17:00:00+00:00,2025-03-26 17:00:00+00:00,0.45,1.25,83,25.301204819277107,-14.585712982138782,33,50,-0.019527353710408257,0.0016375935407717535,24.242424242424242,26.0
SCRTUSDT,1h,2025-02-24 17:00:00+00:00,2025-03-26 17:00:00+00:00,0.45,1.25,69,24.637681159420293,-10.758790131782145,31,38,-0.12094948277034567,0.08683949848889216,12.903225806451612,34.21052631578947
HOOKUSDT,1h,2025-02-24 17:00:00+00:00,2025-03-26 17:00:00+00:00,0.45,1.25,93,29.03225806451613,-2.5545323916080407,43,50,-0.014740098096844068,0.10255592930817958,25.581395348837212,32.0
MDTUSDT,1h,2025-02-24 17:00:00+00:00,2025-03-26 17:00:00+00:00,0.45,1.25,64,15.625,-24.78498082381225,25,39,-0.10489871024217412,-0.11860836527756113,12.0,17.94871794871795
POLUSDT,1h,2025-02-24 17:00:00+00:00,2025-03-26 17:00:00+00:00,0.45,1.25,78,28.205128205128204,-4.753876654149999,20,58,-0.0037599771546763527,-0.004562951928837156,30.0,27.586206896551722
MANTAUSDT,1h,2025-02-24 17:00:00+00:00,2025-03-26 17:00:00+00:00,0.45,1.25,94,34.04255319148936,5.436272377983993,40,54,-0.10269528200891476,0.3914769215910141,17.5,46.2962962962963
TAOUSDT,1h,2025-02-24 17:00:00+00:00,2025-03-26 17:00:00+00:00,0.45,1.25,66,19.696969696969695,-18.228612556604237,16,50,-0.06335906124854418,-0.09428266062074409,12.5,22.0
RPLUSDT,1h,2025-02-24 17:00:00+00:00,2025-03-26 17:00:00+00:00,0.45,1.25,75,26.666666666666668,-9.901575110540294,27,48,-0.11024329741727368,0.14159346702874143,7.4074074074074066,37.5
CKBUSDT,1h,2025-02-24 17:00:00+00:00,2025-03-26 17:00:00+00:00,0.45,1.25,80,27.500000000000004,-11.596951558741392,39,41,-0.04463797729966279,0.017956584392775032,28.205128205128204,26.82926829268293
TRBUSDT,1h,2025-02-24 17:00:00+00:00,2025-03-26 17:00:00+00:00,0.45,1.25,78,33.33333333333333,6.201397079282836,37,41,0.05017518572169999,0.11113679655014053,32.432432432432435,34.146341463414636
BNXUSDT,1h,2025-02-24 17:00:00+00:00,2025-03-18 02:00:00+00:00,0.45,1.25,23,21.73913043478261,-10.758436724662362,11,12,0.020469361788255314,-0.13333302786801327,36.36363636363637,8.333333333333332
FLMUSDT,1h,2025-02-24 17:00:00+00:00,2025-03-26 17:00:00+00:00,0.45,1.25,76,28.947368421052634,-4.543886406945845,40,36,0.029750282014134877,-0.0045228480477030875,30.0,27.77777777777778
BBUSDT,1h,2025-02-24 17:00:00+00:00,2025-03-26 17:00:00+00:00,0.45,1.25,84,34.523809523809526,1.0785802268624654,43,41,-0.017617629009016422,0.24753624816895203,25.581395348837212,43.90243902439025
XVSUSDT,1h,2025-02-24 17:00:00+00:00,2025-03-26 17:00:00+00:00,0.45,1.25,83,31.32530120481928,6.366942875530104,38,45,-0.0006514083303634788,0.2058927186820676,23.684210526315788,37.77777777777778
DUSKUSDT,1h,2025-02-24 17:00:00+00:00,2025-03-26 17:00:00+00:00,0.45,1.25,77,19.480519480519483,-16.352143709211703,22,55,-0.07869847584163703,-0.014311450820925886,9.090909090909092,23.636363636363637
NEARUSDT,1h,2025-02-24 17:00:00+00:00,2025-03-26 17:00:00+00:00,0.45,1.25,69,23.18840579710145,-14.924368422478555,38,31,-0.006738545731354129,-0.11296486493274138,28.947368421052634,16.129032258064516
CHESSUSDT,1h,2025-02-24 17:00:00+00:00,2025-03-26 17:00:00+00:00,0.45,1.25,81,20.98765432098765,-15.416987634249486,34,47,-0.08349552743075228,0.005831030230337153,14.705882352941178,25.53191489361702
IDUSDT,1h,2025-02-24 17:00:00+00:00,2025-03-26 17:00:00+00:00,0.45,1.25,66,25.757575757575758,-14.581975821854604,20,46,-0.061800122195623364,0.02108279969874549,15.0,30.434782608695656
RAREUSDT,1h,2025-02-24 17:00:00+00:00,2025-03-26 17:00:00+00:00,0.45,1.25,61,24.59016393442623,-14.25040405084507,4,57,-0.06454954686713965,-0.0775640665790851,25.0,24.561403508771928
ROSEUSDT,1h,2025-02-24 17:00:00+00:00,2025-03-26 17:00:00+00:00,0.45,1.25,78,30.76923076923077,-7.877867190795171,32,46,-0.014200641450512586,0.11462742036285845,25.0,34.78260869565217
PORTALUSDT,1h,2025-02-24 17:00:00+00:00,2025-03-26 17:00:00+00:00,0.45,1.25,78,23.076923076923077,-11.960608670145097,28,50,-0.04622099371678412,0.013458807355596347,17.857142857142858,26.0
C98USDT,1h,2025-02-24 17:00:00+00:00,2025-03-26 17:00:00+00:00,0.45,1.25,80,30.0,-2.973637312814384,41,39,0.06816916690556507,-0.02785886140449001,34.146341463414636,25.64102564102564
ALPHAUSDT,1h,2025-02-24 17:00:00+00:00,2025-03-26 17:00:00+00:00,0.45,1.25,88,32.95454545454545,-10.637590319356544,35,53,-0.044201331181085934,0.25875600116318054,22.857142857142858,39.62264150943396
COMBOUSDT,1h,2025-02-24 17:00:00+00:00,2025-03-26 17:00:00+00:00,0.45,1.25,65,30.76923076923077,-3.9135549580057503,13,52,-0.0822145430159601,0.15821999792937547,7.6923076923076925,36.53846153846153
SHELLUSDT,1h,2025-02-27 13:00:00+00:00,2025-03-26 17:00:00+00:00,0.45,1.25,45,28.888888888888886,-7.371967364189843,2,43,-0.03491077659117536,0.08541012514060464,0.0,30.23255813953488
HBARUSDT,1h,2025-02-24 17:00:00+00:00,2025-03-26 17:00:00+00:00,0.45,1.25,63,28.57142857142857,-15.386693864563025,24,39,-0.08681742359380651,0.0721339287831938,20.833333333333336,33.33333333333333
LINKUSDT,1h,2025-02-24 17:00:00+00:00,2025-03-26 17:00:00+00:00,0.45,1.25,68,30.88235294117647,-3.3477578904763217,34,34,0.010491608428206622,0.1252329800329397,26.47058823529412,35.294117647058826
PHBUSDT,1h,2025-02-24 17:00:00+00:00,2025-03-26 17:00:00+00:00,0.45,1.25,89,23.595505617977526,-12.822297381433215,32,57,-0.09978797542531492,0.09799622457028623,12.5,29.82456140350877
CVXUSDT,1h,2025-02-24 17:00:00+00:00,2025-03-26 17:00:00+00:00,0.45,1.25,68,25.0,-11.460771799077897,43,25,-0.026027636614573302,-0.046409035720665126,27.906976744186046,20.0
BANDUSDT,1h,2025-02-24 17:00:00+00:00,2025-03-26 17:00:00+00:00,0.45,1.25,87,31.03448275862069,-1.1669576658967185,39,48,-0.057506251607933434,0.17180307647283477,20.51282051282051,39.58333333333333
DENTUSDT,1h,2025-02-24 17:00:00+00:00,2025-03-26 17:00:00+00:00,0.45,1.25,79,32.91139240506329,-4.076601093537326,39,40,0.017859247656844324,0.0969161066457419,30.76923076923077,35.0
SNTUSDT,1h,2025-02-24 17:00:00+00:00,2025-03-26 17:00:00+00:00,0.45,1.25,63,28.57142857142857,-4.238024071179913,27,36,0.09529697859301212,-0.08227958825094683,33.33333333333333,25.0
MKRUSDT,1h,2025-02-24 17:00:00+00:00,2025-03-26 17:00:00+00:00,0.45,1.25,63,34.92063492063492,-6.414418596021807,30,33,0.0698433743601623,-0.04578350806390963,46.666666666666664,24.242424242424242
AAVEUSDT,1h,2025-02-24 17:00:00+00:00,2025-03-26 17:00:00+00:00,0.45,1.25,62,32.25806451612903,1.8833622572096413,24,38,0.042894673090474345,0.1303924374026204,29.166666666666668,34.21052631578947
RUNEUSDT,1h,2025-02-24 17:00:00+00:00,2025-03-26 17:00:00+00:00,0.45,1.25,80,21.25,-21.889014746197628,41,39,-0.06590886025895426,-0.09416791407407021,21.951219512195124,20.51282051282051
ARUSDT,1h,2025-02-24 17:00:00+00:00,2025-03-26 17:00:00+00:00,0.45,1.25,65,27.692307692307693,-8.847009473485057,27,38,-0.043695896619111774,0.06200076629306217,22.22222222222222,31.57894736842105
ICXUSDT,1h,2025-02-24 17:00:00+00:00,2025-03-26 17:00:00+00:00,0.45,1.25,78,23.076923076923077,-4.287177141557703,29,49,-0.05652762041750958,0.0319410045036127,13.793103448275861,28.57142857142857
CTKUSDT,1h,2025-02-24 17:00:00+00:00,2025-03-26 17:00:00+00:00,0.45,1.25,59,27.11864406779661,-6.570335545706318,26,33,-0.06206727722124172,0.10150585349970342,19.230769230769234,33.33333333333333
ENJUSDT,1h,2025-02-24 17:00:00+00:00,2025-03-26 17:00:00+00:00,0.45,1.25,82,28.04878048780488,-7.793109830177168,34,48,0.01699434090626528,-0.0050966511233598855,29.411764705882355,27.083333333333332
LQTYUSDT,1h,2025-02-24 17:00:00+00:00,2025-03-26 17:00:00+00:00,0.45,1.25,72,25.0,-7.801964440488337,38,34,-0.02736384177942064,-0.023090600032125153,23.684210526315788,26.47058823529412
KSMUSDT,1h,2025-02-24 17:00:00+00:00,2025-03-26 17:00:00+00:00,0.45,1.25,81,29.629629629629626,-2.1469687427810045,35,46,-0.04519350299755198,0.14007475270871872,22.857142857142858,34.78260869565217
FIDAUSDT,1h,2025-02-24 17:00:00+00:00,2025-03-26 17:00:00+00:00,0.45,1.25,93,16.129032258064516,-30.374975387609236,39,54,-0.176058214257509,-0.09985470186506051,10.256410256410255,20.37037037037037
XAIUSDT,1h,2025-02-24 17:00:00+00:00,2025-03-26 17:00:00+00:00,0.45,1.25,78,29.48717948717949,-8.031394081376844,29,49,0.014807329488883414,0.034786215544302834,27.586206896551722,30.612244897959183
SYNUSDT,1h,2025-02-24 17:00:00+00:00,2025-03-26 17:00:00+00:00,0.45,1.25,78,25.64102564102564,-4.108705957670755,25,53,-0.08683660259324955,0.10715099624527458,12.0,32.075471698113205
RVNUSDT,1h,2025-02-24 17:00:00+00:00,2025-03-26 17:00:00+00:00,0.45,1.25,86,32.55813953488372,0.45569930027109806,38,48,0.008380691562040354,0.12808202732805796,28.947368421052634,35.41666666666667
ONEUSDT,1h,2025-02-24 17:00:00+00:00,2025-03-26 17:00:00+00:00,0.45,1.25,73,31.506849315068493,-1.4741849329038057,33,40,0.006750200838837261,0.08144571797829436,30.303030303030305,32.5
XTZUSDT,1h,2025-02-24 17:00:00+00:00,2025-03-26 17:00:00+00:00,0.45,1.25,99,33.33333333333333,-2.3704408628171194,46,53,-0.0032087190260763343,0.12517087507008895,28.26086956521739,37.735849056603776
VIDTUSDT,1h,2025-02-24 17:00:00+00:00,2025-03-26 17:00:00+00:00,0.45,1.25,73,27.397260273972602,-1.3732160220224177,36,37,0.0044763923856794285,0.06541001979934358,25.0,29.72972972972973
HIGHUSDT,1h,2025-02-24 17:00:00+00:00,2025-03-26 17:00:00+00:00,0.45,1.25,72,27.77777777777778,-4.61135165051847,26,46,-0.06672665019331991,0.10740478106728157,15.384615384615385,34.78260869565217
HEIUSDT,1h,2025-02-24 17:00:00+00:00,2025-03-26 17:00:00+00:00,0.45,1.25,58,29.310344827586203,-1.2310606554473982,13,45,0.010910235702800808,0.03640524113549637,30.76923076923077,28.888888888888886
DEXEUSDT,1h,2025-02-24 17:00:00+00:00,2025-03-26 17:00:00+00:00,0.45,1.25,49,20.408163265306122,-11.048858709374432,14,35,-0.015087700596038478,-0.058060905257250384,21.428571428571427,20.0
1000CATUSDT,1h,2025-02-24 17:00:00+00:00,2025-03-26 17:00:00+00:00,0.45,1.25,78,26.923076923076923,-9.525343933341745,34,44,-0.04565923191989396,0.08546962351119003,20.588235294117645,31.818181818181817
SKLUSDT,1h,2025-02-24 17:00:00+00:00,2025-03-26 17:00:00+00:00,0.45,1.25,68,22.058823529411764,-15.633896909659924,29,39,-0.015467563330007317,-0.07533045137071781,24.137931034482758,20.51282051282051
KDAUSDT,1h,2025-02-24 17:00:00+00:00,2025-03-26 17:00:00+00:00,0.45,1.25,89,26.96629213483146,-16.08206088492755,47,42,-0.06826163201796143,0.03910493760413414,23.404255319148938,30.952380952380953
ACTUSDT,1h,2025-02-24 17:00:00+00:00,2025-03-26 17:00:00+00:00,0.45,1.25,66,12.121212121212121,-22.23051612168377,27,39,-0.0561919529697823,-0.14557931734812635,18.51851851851852,7.6923076923076925
VOXELUSDT,1h,2025-02-24 17:00:00+00:00,2025-03-26 17:00:00+00:00,0.45,1.25,93,32.25806451612903,-0.2757516635515611,36,57,0.07558023183421814,0.05069098107153569,36.11111111111111,29.82456140350877
NFPUSDT,1h,2025-02-24 17:00:00+00:00,2025-03-26 17:00:00+00:00,0.45,1.25,82,36.58536585365854,19.827746881766945,31,51,0.09859137100589277,0.12762792274878232,41.935483870967744,33.33333333333333
BICOUSDT,1h,2025-02-24 17:00:00+00:00,2025-03-26 17:00:00+00:00,0.45,1.25,92,38.04347826086957,16.397325011951803,41,51,0.04148637041567105,0.2045835580307861,34.146341463414636,41.17647058823529
XVGUSDT,1h,2025-02-24 17:00:00+00:00,2025-03-26 17:00:00+00:00,0.45,1.25,78,33.33333333333333,-0.11005820172631647,37,41,0.004360805001635604,0.1328595985387968,29.72972972972973,36.58536585365854
SCRUSDT,1h,2025-02-24 17:00:00+00:00,2025-03-26 17:00:00+00:00,0.45,1.25,87,31.03448275862069,-6.770921751165133,26,61,0.05148327867502289,0.05228417841255195,34.61538461538461,29.508196721311474
KAVAUSDT,1h,2025-02-24 17:00:00+00:00,2025-03-26 17:00:00+00:00,0.45,1.25,63,33.33333333333333,12.08924348070873,38,25,0.1368377218045017,-0.011116055476184772,39.473684210526315,24.0
GALAUSDT,1h,2025-02-24 17:00:00+00:00,2025-03-26 17:00:00+00:00,0.45,1.25,73,34.24657534246575,4.327950879242469,39,34,0.09529586310818006,0.04239703701437103,38.46153846153847,29.411764705882355
WUSDT,1h,2025-02-24 17:00:00+00:00,2025-03-26 17:00:00+00:00,0.45,1.25,66,28.78787878787879,2.668620294207823,10,56,0.030433248590154283,0.047510788389638625,30.0,28.57142857142857
ONGUSDT,1h,2025-02-24 17:00:00+00:00,2025-03-26 17:00:00+00:00,0.45,1.25,72,26.38888888888889,-10.0071580195543,33,39,-0.007244759241893162,-0.0387439258574056,27.27272727272727,25.64102564102564
AGLDUSDT,1h,2025-02-24 17:00:00+00:00,2025-03-26 17:00:00+00:00,0.45,1.25,72,20.833333333333336,-20.134453742161813,16,56,-0.013011191795880284,-0.1484947190436524,25.0,19.642857142857142
ASTRUSDT,1h,2025-02-24 17:00:00+00:00,2025-03-26 17:00:00+00:00,0.45,1.25,77,27.27272727272727,-8.669565067439153,35,42,-0.03974312678955494,0.05838777101227577,20.0,33.33333333333333
TLMUSDT,1h,2025-02-24 17:00:00+00:00,2025-03-26 17:00:00+00:00,0.45,1.25,82,26.82926829268293,-8.207263217061515,37,45,-0.007358449268308309,0.010154638856616605,27.027027027027028,26.666666666666668
DASHUSDT,1h,2025-02-24 17:00:00+00:00,2025-03-26 17:00:00+00:00,0.45,1.25,72,26.38888888888889,-11.16443241077332,32,40,-0.05363270249332719,0.04368892137766611,21.875,30.0
OXTUSDT,1h,2025-02-24 17:00:00+00:00,2025-03-26 17:00:00+00:00,0.45,1.25,79,24.050632911392405,-15.128399331532547,23,56,-0.01897163908745869,-0.005007418126292906,21.73913043478261,25.0
IMXUSDT,1h,2025-02-24 17:00:00+00:00,2025-03-26 17:00:00+00:00,0.45,1.25,88,40.909090909090914,1.0380728312149294,37,51,0.0043433890683097776,0.3092792432699274,29.72972972972973,49.01960784313725
BALUSDT,1h,2025-02-24 17:00:00+00:00,2025-03-26 17:00:00+00:00,0.45,1.25,74,24.324324324324326,-12.790721728831775,25,49,-0.059651118494928435,0.040798184510392965,16.0,28.57142857142857
COSUSDT,1h,2025-02-24 17:00:00+00:00,2025-03-26 17:00:00+00:00,0.45,1.25,73,21.91780821917808,-9.068702431057964,28,45,-0.05710520704869093,0.018921989496885172,14.285714285714285,26.666666666666668
RDNTUSDT,1h,2025-02-24 17:00:00+00:00,2025-03-26 17:00:00+00:00,0.45,1.25,81,28.39506172839506,-11.094870592635033,29,52,-0.043468552431689456,-0.006608497770702049,27.586206896551722,28.846153846153843
ANIMEUSDT,1h,2025-02-24 17:00:00+00:00,2025-03-26 17:00:00+00:00,0.45,1.25,82,26.82926829268293,-13.063764965298889,35,47,0.03335509085250521,-0.08278710602645467,31.428571428571427,23.404255319148938
SFPUSDT,1h,2025-02-24 17:00:00+00:00,2025-03-26 17:00:00+00:00,0.45,1.25,91,21.978021978021978,-12.995175522918439,20,71,-0.006038240579818388,-0.0364463937452435,25.0,21.12676056338028
ALICEUSDT,1h,2025-02-24 17:00:00+00:00,2025-03-26 17:00:00+00:00,0.45,1.25,93,37.634408602150536,5.751991057553003,35,58,0.007161409562882137,0.2851894758318193,31.428571428571427,41.37931034482759
STORJUSDT,1h,2025-02-24 17:00:00+00:00,2025-03-26 17:00:00+00:00,0.45,1.25,70,25.71428571428571,-14.746744502693707,24,46,-0.05052353202636062,0.02490242885429761,16.666666666666664,30.434782608695656
SANTOSUSDT,1h,2025-02-24 17:00:00+00:00,2025-03-26 17:00:00+00:00,0.45,1.25,62,20.967741935483872,-18.02317022563361,34,28,-0.08455200606911628,-0.040538973305233594,20.588235294117645,21.428571428571427
BATUSDT,1h,2025-02-24 17:00:00+00:00,2025-03-26 17:00:00+00:00,0.45,1.25,77,22.07792207792208,-19.521708853188844,30,47,-0.027514444306528718,-0.08667197720160169,23.333333333333332,21.27659574468085
EDUUSDT,1h,2025-02-24 17:00:00+00:00,2025-03-26 17:00:00+00:00,0.45,1.25,75,30.666666666666664,-8.221891353663372,16,59,0.003099234977199772,0.04716075218877991,25.0,32.20338983050847
CVCUSDT,1h,2025-02-24 17:00:00+00:00,2025-03-26 17:00:00+00:00,0.45,1.25,63,23.809523809523807,-14.305603697362868,30,33,-0.12769059731425048,0.03190349211336729,13.333333333333334,33.33333333333333
IDEXUSDT,1h,2025-02-24 17:00:00+00:00,2025-03-26 17:00:00+00:00,0.45,1.25,80,22.5,-12.431247812599409,36,44,-0.03954116671733876,-0.012036738910343847,22.22222222222222,22.727272727272727
KAIAUSDT,1h,2025-02-24 17:00:00+00:00,2025-03-26 17:00:00+00:00,0.45,1.25,85,23.52941176470588,-16.25825180678838,27,58,-0.04035883015751618,-0.062521925908408,22.22222222222222,24.137931034482758
BERAUSDT,1h,2025-02-24 17:00:00+00:00,2025-03-26 17:00:00+00:00,0.45,1.25,64,26.5625,-7.795263162738202,30,34,0.08892672361905418,-0.09109714313588602,36.666666666666664,17.647058823529413
XLMUSDT,1h,2025-02-24 17:00:00+00:00,2025-03-26 17:00:00+00:00,0.45,1.25,74,16.216216216216218,-27.13811150360132,41,33,-0.11100036892899112,-0.11726929305044964,19.51219512195122,12.121212121212121
STPTUSDT,1h,2025-02-24 17:00:00+00:00,2025-03-26 17:00:00+00:00,0.45,1.25,43,23.25581395348837,-6.775564291159227,1,42,-0.006918747364767164,-0.023596788674240643,0.0,23.809523809523807
APEUSDT,1h,2025-02-24 17:00:00+00:00,2025-03-26 17:00:00+00:00,0.45,1.25,80,30.0,2.640081578242325,39,41,-0.012309511453148847,0.11398856292683213,25.64102564102564,34.146341463414636
LEVERUSDT,1h,2025-02-24 17:00:00+00:00,2025-03-26 17:00:00+00:00,0.45,1.25,81,19.753086419753085,-20.698879260835284,25,56,-0.07760073492193587,-0.0690675263591477,16.0,21.428571428571427
ATOMUSDT,1h,2025-02-24 17:00:00+00:00,2025-03-26 17:00:00+00:00,0.45,1.25,71,32.3943661971831,-7.1914668071619,41,30,0.05818922275115623,-0.03719701434042488,36.58536585365854,26.666666666666668
BSWUSDT,1h,2025-02-24 17:00:00+00:00,2025-03-26 17:00:00+00:00,0.45,1.25,85,22.35294117647059,-15.782930176629556,40,45,-0.10650723858385536,0.0015244064624424514,17.5,26.666666666666668
GLMUSDT,1h,2025-02-24 17:00:00+00:00,2025-03-26 17:00:00+00:00,0.45,1.25,79,30.37974683544304,-9.213584874162986,30,49,-0.07715624128820653,0.08140140149479103,16.666666666666664,38.775510204081634
TIAUSDT,1h,2025-02-24 17:00:00+00:00,2025-03-26 17:00:00+00:00,0.45,1.25,59,35.59322033898305,8.684748909222684,26,33,0.14303579555762236,-0.0026886243461097248,46.15384615384615,27.27272727272727
ALGOUSDT,1h,2025-02-24 17:00:00+00:00,2025-03-26 17:00:00+00:00,0.45,1.25,80,21.25,-22.550804811275764,31,49,-0.13399402453164522,-0.009513778696495945,16.129032258064516,24.489795918367346
FILUSDT,1h,2025-02-24 17:00:00+00:00,2025-03-26 17:00:00+00:00,0.45,1.25,61,29.508196721311474,-4.275909456569551,41,20,0.00033967916191735004,0.04508698601815442,26.82926829268293,35.0
JUPUSDT,1h,2025-02-24 17:00:00+00:00,2025-03-26 17:00:00+00:00,0.45,1.25,69,30.434782608695656,-6.616653738900379,25,44,-0.03509225597489385,0.18406886874157535,20.0,36.36363636363637
MANAUSDT,1h,2025-02-24 17:00:00+00:00,2025-03-26 17:00:00+00:00,0.45,1.25,81,24.691358024691358,-16.13070509914056,38,43,-0.03528513769226693,-0.016547422713735438,23.684210526315788,25.581395348837212
REZUSDT,1h,2025-02-24 17:00:00+00:00,2025-03-26 17:00:00+00:00,0.45,1.25,56,16.071428571428573,-24.605220802900256,19,37,-0.13670316314288533,-0.08804814183572718,15.789473684210526,16.216216216216218
LAYERUSDT,1h,2025-02-24 17:00:00+00:00,2025-03-26 17:00:00+00:00,0.45,1.25,46,23.91304347826087,-13.345049675962143,36,10,0.043606266986229936,-0.12936248150174356,30.555555555555557,0.0
ZENUSDT,1h,2025-02-24 17:00:00+00:00,2025-03-26 17:00:00+00:00,0.45,1.25,85,28.235294117647058,-1.8877652567074983,32,53,0.07549537993039324,-0.05141692799857034,34.375,24.528301886792452
ORDIUSDT,1h,2025-02-24 17:00:00+00:00,2025-03-26 17:00:00+00:00,0.45,1.25,62,27.419354838709676,-4.815402216530917,32,30,-0.06197592496765003,0.08187213118609038,21.875,33.33333333333333
BEAMXUSDT,1h,2025-02-24 17:00:00+00:00,2025-03-26 17:00:00+00:00,0.45,1.25,85,34.11764705882353,19.876164963939715,44,41,0.14777666354253105,0.13710029300836113,34.090909090909086,34.146341463414636
HIVEUSDT,1h,2025-02-24 17:00:00+00:00,2025-03-26 17:00:00+00:00,0.45,1.25,78,23.076923076923077,-14.745823197852728,23,55,-0.04029297777794205,-0.07960974052851466,21.73913043478261,23.636363636363637
AUCTIONUSDT,1h,2025-02-24 17:00:00+00:00,2025-03-26 17:00:00+00:00,0.45,1.25,40,47.5,66.92372468425629,29,11,0.3806550514222299,0.2051046554880287,48.275862068965516,45.45454545454545
AXLUSDT,1h,2025-02-24 17:00:00+00:00,2025-03-26 17:00:00+00:00,0.45,1.25,76,18.421052631578945,-23.523150725917844,41,35,-0.1968944543592046,-0.009519558044182586,12.195121951219512,25.71428571428571
MASKUSDT,1h,2025-02-24 17:00:00+00:00,2025-03-26 17:00:00+00:00,0.45,1.25,91,17.582417582417584,-12.699205570620228,38,53,-0.03903871189633268,-0.029086741493154045,21.052631578947366,15.09433962264151
KAITOUSDT,1h,2025-02-24 17:00:00+00:00,2025-03-26 17:00:00+00:00,0.45,1.25,58,24.137931034482758,-13.36579986310685,11,47,-0.032363837170023335,-0.028680617398378683,27.27272727272727,23.404255319148938
YFIUSDT,1h,2025-02-24 17:00:00+00:00,2025-03-26 17:00:00+00:00,0.45,1.25,68,22.058823529411764,-18.673274292237533,25,43,-0.01820403448515706,-0.1118449069031342,28.000000000000004,18.6046511627907
AIXBTUSDT,1h,2025-02-24 17:00:00+00:00,2025-03-26 17:00:00+00:00,0.45,1.25,68,42.64705882352941,37.42710094662481,22,46,0.09218900884401249,0.465364473730947,36.36363636363637,45.65217391304348
LTCUSDT,1h,2025-02-24 17:00:00+00:00,2025-03-26 17:00:00+00:00,0.45,1.25,71,29.577464788732392,-2.5208545234193678,25,46,0.004151005039815692,0.08089299234344416,28.000000000000004,30.434782608695656
1000SATSUSDT,1h,2025-02-24 17:00:00+00:00,2025-03-26 17:00:00+00:00,0.45,1.25,75,17.333333333333336,-12.59869071998624,34,41,-0.07024460683416411,-0.03628629886640988,20.588235294117645,14.634146341463413
REIUSDT,1h,2025-02-24 17:00:00+00:00,2025-03-26 17:00:00+00:00,0.45,1.25,74,31.08108108108108,-1.3859835311693838,30,44,0.018288306630146245,0.10707664544952855,30.0,31.818181818181817
COMPUSDT,1h,2025-02-24 17:00:00+00:00,2025-03-26 17:00:00+00:00,0.45,1.25,70,21.428571428571427,-17.619207079198677,30,40,-0.0791689917754611,-0.0092237569349376,13.333333333333334,27.500000000000004
ICPUSDT,1h,2025-02-24 17:00:00+00:00,2025-03-26 17:00:00+00:00,0.45,1.25,70,25.71428571428571,-7.672283369712973,39,31,-0.0640823410564686,0.07782046338334359,17.94871794871795,35.483870967741936
JTOUSDT,1h,2025-02-24 17:00:00+00:00,2025-03-26 17:00:00+00:00,0.45,1.25,70,35.714285714285715,15.55275845391471,25,45,0.12554748222251677,0.12967963788007175,44.0,31.11111111111111
MAGICUSDT,1h,2025-02-24 17:00:00+00:00,2025-03-26 17:00:00+00:00,0.45,1.25,80,27.500000000000004,-10.879304157475172,29,51,-0.13048982561600198,0.21238546397231117,10.344827586206897,37.254901960784316
GHSTUSDT,1h,2025-02-24 17:00:00+00:00,2025-03-26 17:00:00+00:00,0.45,1.25,81,35.80246913580247,7.526612168148696,31,50,0.06422686331893579,0.1238631110746029,38.70967741935484,34.0
SUNUSDT,1h,2025-02-24 17:00:00+00:00,2025-03-26 17:00:00+00:00,0.45,1.25,44,20.454545454545457,-7.64377344077531,17,27,0.004707787849987155,-0.038972399877377883,23.52941176470588,18.51851851851852
AEVOUSDT,1h,2025-02-24 17:00:00+00:00,2025-03-26 17:00:00+00:00,0.45,1.25,75,30.666666666666664,3.9596860748204636,25,50,0.018421463189951193,0.08763741383843238,28.000000000000004,32.0
PENDLEUSDT,1h,2025-02-24 17:00:00+00:00,2025-03-26 17:00:00+00:00,0.45,1.25,75,32.0,8.03808908938323,33,42,0.016260588486943783,0.1518619154266022,27.27272727272727,35.714285714285715
CYBERUSDT,1h,2025-02-24 17:00:00+00:00,2025-03-26 17:00:00+00:00,0.45,1.25,68,32.35294117647059,-1.1320936815455322,28,40,0.03320093640689947,0.05265928287836752,35.714285714285715,30.0
TRUUSDT,1h,2025-02-24 17:00:00+00:00,2025-03-26 17:00:00+00:00,0.45,1.25,84,33.33333333333333,-0.3891607608261053,41,43,0.029225910388452903,0.15571911233008273,31.70731707317073,34.883720930232556
AERGOUSDT,1h,2025-02-24 17:00:00+00:00,2025-03-26 17:00:00+00:00,0.45,1.25,65,16.923076923076923,-17.000011018446866,17,48,-0.03732165341009852,-0.11068622793770766,17.647058823529413,16.666666666666664
RONINUSDT,1h,2025-02-24 17:00:00+00:00,2025-03-26 17:00:00+00:00,0.45,1.25,77,28.57142857142857,-3.1579992296156476,19,58,-0.0469962159631514,0.09886666141327127,15.789473684210526,32.758620689655174
PENGUUSDT,1h,2025-02-24 17:00:00+00:00,2025-03-26 17:00:00+00:00,0.45,1.25,66,28.78787878787879,-2.737023860780662,31,35,-0.048708372890810536,0.09186152023409278,22.58064516129032,34.285714285714285
TROYUSDT,1h,2025-02-24 17:00:00+00:00,2025-03-26 17:00:00+00:00,0.45,1.25,45,33.33333333333333,0.40965834590320005,6,39,-0.03471363581613285,0.13010938033843167,16.666666666666664,35.8974358974359
PNUTUSDT,1h,2025-02-24 17:00:00+00:00,2025-03-26 17:00:00+00:00,0.45,1.25,56,23.214285714285715,-17.43745247401062,24,32,-0.0450136930089462,-0.12054076043674522,25.0,21.875
BCHUSDT,1h,2025-02-24 17:00:00+00:00,2025-03-26 17:00:00+00:00,0.45,1.25,62,24.193548387096776,-5.123099587108381,36,26,0.010255221067370979,-0.01276954642150907,22.22222222222222,26.923076923076923
AVAUSDT,1h,2025-02-24 17:00:00+00:00,2025-03-26 17:00:00+00:00,0.45,1.25,66,33.33333333333333,7.569057669016859,28,38,0.010266867338538321,0.12336160169670818,28.57142857142857,36.84210526315789
INJUSDT,1h,2025-02-24 17:00:00+00:00,2025-03-26 17:00:00+00:00,0.45,1.25,73,26.027397260273972,-4.110039608446101,33,40,-0.042725272859359564,0.0649261814736316,21.21212121212121,30.0
COWUSDT,1h,2025-02-24 17:00:00+00:00,2025-03-26 17:00:00+00:00,0.45,1.25,80,27.500000000000004,1.7590527450336377,40,40,-0.040399464447705924,0.13197668268354978,22.5,32.5
ANKRUSDT,1h,2025-02-24 17:00:00+00:00,2025-03-26 17:00:00+00:00,0.45,1.25,67,31.343283582089555,-0.5314657923856517,26,41,0.01371554457885904,0.0646490739488963,26.923076923076923,34.146341463414636
BNTUSDT,1h,2025-02-24 17:00:00+00:00,2025-03-26 17:00:00+00:00,0.45,1.25,94,31.914893617021278,-1.3482038509796606,47,47,0.027638187395749747,0.03799145884631805,34.04255319148936,29.78723404255319
ARKMUSDT,1h,2025-02-24 17:00:00+00:00,2025-03-26 17:00:00+00:00,0.45,1.25,75,29.333333333333332,-11.699940828741076,38,37,-0.002184747310163049,0.06051255556689339,26.31578947368421,32.432432432432435
SLPUSDT,1h,2025-02-24 17:00:00+00:00,2025-03-26 17:00:00+00:00,0.45,1.25,82,31.70731707317073,-4.741978122184495,29,53,0.0064855795395108995,0.08893652554934017,31.03448275862069,32.075471698113205
BADGERUSDT,1h,2025-02-24 17:00:00+00:00,2025-03-26 17:00:00+00:00,0.45,1.25,55,32.72727272727273,11.616137434144225,7,48,0.007684211614245151,0.13585868112631327,28.57142857142857,33.33333333333333
CFXUSDT,1h,2025-02-24 17:00:00+00:00,2025-03-26 17:00:00+00:00,0.45,1.25,67,32.83582089552239,-2.318460556314432,30,37,0.041348689644642,0.06996708403253926,33.33333333333333,32.432432432432435
ZROUSDT,1h,2025-02-24 17:00:00+00:00,2025-03-26 17:00:00+00:00,0.45,1.25,64,42.1875,34.24898748560168,27,37,0.10738541708484106,0.24336435011461677,37.03703703703704,45.94594594594595
ENSUSDT,1h,2025-02-24 17:00:00+00:00,2025-03-26 17:00:00+00:00,0.45,1.25,63,31.746031746031743,2.0069287080051725,20,43,0.03660571978960081,0.02791946106568388,35.0,30.23255813953488
DOTUSDT,1h,2025-02-24 17:00:00+00:00,2025-03-26 17:00:00+00:00,0.45,1.25,61,22.950819672131146,-13.698360885847046,28,33,-0.030081797394389875,-0.019147706986027968,21.428571428571427,24.242424242424242
BANANAUSDT,1h,2025-02-24 17:00:00+00:00,2025-03-26 17:00:00+00:00,0.45,1.25,69,31.88405797101449,10.410394832803169,22,47,0.1508082986737993,0.04677897487540228,40.909090909090914,27.659574468085108
LDOUSDT,1h,2025-02-24 17:00:00+00:00,2025-03-26 17:00:00+00:00,0.45,1.25,69,33.33333333333333,5.035185697317589,31,38,-0.01895806546619161,0.20103779450680537,25.806451612903224,39.473684210526315
API3USDT,1h,2025-02-24 17:00:00+00:00,2025-03-26 17:00:00+00:00,0.45,1.25,72,29.166666666666668,-10.914653353407001,28,44,-0.1548335025325488,0.1660721357033501,17.857142857142858,36.36363636363637
MTLUSDT,1h,2025-02-24 17:00:00+00:00,2025-03-26 17:00:00+00:00,0.45,1.25,78,30.76923076923077,-6.915096256260865,34,44,0.015513350336783915,0.008194497491171404,32.35294117647059,29.545454545454547
RADUSDT,1h,2025-02-24 17:00:00+00:00,2025-03-26 17:00:00+00:00,0.45,1.25,64,28.125,-17.257530028363703,30,34,-0.14925175190019935,0.019156553295306522,26.666666666666668,29.411764705882355
OGNUSDT,1h,2025-02-24 17:00:00+00:00,2025-03-26 17:00:00+00:00,0.45,1.25,80,20.0,-14.481557425079005,38,42,-0.07190489546645462,-0.061047039892573984,18.421052631578945,21.428571428571427
DOGSUSDT,1h,2025-02-24 17:00:00+00:00,2025-03-26 17:00:00+00:00,0.45,1.25,64,34.375,1.5106624494841905,27,37,-0.004187815767023206,0.1847395184752656,22.22222222222222,43.24324324324324
USUALUSDT,1h,2025-02-24 17:00:00+00:00,2025-03-26 17:00:00+00:00,0.45,1.25,60,38.333333333333336,21.17680750098536,16,44,-0.0036330025006985345,0.22067067166777699,25.0,43.18181818181818
BELUSDT,1h,2025-02-24 17:00:00+00:00,2025-03-26 17:00:00+00:00,0.45,1.25,60,26.666666666666668,-8.373599119023293,27,33,-0.03037929324326838,-0.00018904629768812242,25.925925925925924,27.27272727272727
SPELLUSDT,1h,2025-02-24 17:00:00+00:00,2025-03-26 17:00:00+00:00,0.45,1.25,67,29.850746268656714,-1.2126828755421446,16,51,-0.0571193803855391,0.13099844220586687,12.5,35.294117647058826
FLOWUSDT,1h,2025-02-24 17:00:00+00:00,2025-03-26 17:00:00+00:00,0.45,1.25,85,35.294117647058826,2.4479381522101815,33,52,0.03312130157768467,0.09468946354696961,36.36363636363637,34.61538461538461
POLYXUSDT,1h,2025-02-24 17:00:00+00:00,2025-03-26 17:00:00+00:00,0.45,1.25,76,30.263157894736842,0.3887245464805514,32,44,0.027560681223763983,0.07881967690591973,31.25,29.545454545454547
HIFIUSDT,1h,2025-02-24 17:00:00+00:00,2025-03-26 17:00:00+00:00,0.45,1.25,71,29.577464788732392,-7.049384429916401,25,46,0.030000952502001077,-0.02962852230098867,40.0,23.91304347826087
ONTUSDT,1h,2025-02-24 17:00:00+00:00,2025-03-26 17:00:00+00:00,0.45,1.25,87,27.586206896551722,-8.18646640132292,43,44,-0.013712540054095168,0.05609342053332855,23.25581395348837,31.818181818181817
TUSDT,1h,2025-02-24 17:00:00+00:00,2025-03-26 17:00:00+00:00,0.45,1.25,61,29.508196721311474,-4.046897840792302,21,40,-0.03410788225171335,0.0510334559710105,19.047619047619047,35.0
QUICKUSDT,1h,2025-02-24 17:00:00+00:00,2025-03-26 17:00:00+00:00,0.45,1.25,58,32.758620689655174,4.372059006904648,25,33,0.08351731920365335,0.07156470476417554,32.0,33.33333333333333
SANDUSDT,1h,2025-02-24 17:00:00+00:00,2025-03-26 17:00:00+00:00,0.45,1.25,79,26.582278481012654,-10.353434708977687,35,44,-0.02896109502733335,0.04782070086533774,22.857142857142858,29.545454545454547
THETAUSDT,1h,2025-02-24 17:00:00+00:00,2025-03-26 17:00:00+00:00,0.45,1.25,72,31.944444444444443,-5.930862080329202,33,39,-0.005274915581996775,0.10701098182314162,27.27272727272727,35.8974358974359
STEEMUSDT,1h,2025-02-24 17:00:00+00:00,2025-03-26 17:00:00+00:00,0.45,1.25,76,19.736842105263158,-17.610360556411358,38,38,-0.08374089032112231,-0.010416796718505816,15.789473684210526,23.684210526315788
NEOUSDT,1h,2025-02-24 17:00:00+00:00,2025-03-26 17:00:00+00:00,0.45,1.25,76,17.105263157894736,-16.868758988597932,18,58,0.008314853485724694,-0.1552541461836694,27.77777777777778,13.793103448275861
CHZUSDT,1h,2025-02-24 17:00:00+00:00,2025-03-26 17:00:00+00:00,0.45,1.25,56,30.357142857142854,-3.057003351935616,33,23,-0.009015764952525651,0.04205151422554143,27.27272727272727,34.78260869565217
BOMEUSDT,1h,2025-02-24 17:00:00+00:00,2025-03-26 17:00:00+00:00,0.45,1.25,79,36.708860759493675,9.757771203013418,29,50,0.04646701870112302,0.24831451774771962,31.03448275862069,40.0
EGLDUSDT,1h,2025-02-24 17:00:00+00:00,2025-03-26 17:00:00+00:00,0.45,1.25,83,26.506024096385545,-10.848602868207067,31,52,0.0013774555669209265,-0.016148122239351803,25.806451612903224,26.923076923076923
LOKAUSDT,1h,2025-02-24 17:00:00+00:00,2025-03-26 17:00:00+00:00,0.45,1.25,71,30.985915492957744,-8.308453519439686,33,38,-0.04561168688620221,0.1321858384596225,24.242424242424242,36.84210526315789
DOGEUSDT,1h,2025-02-24 17:00:00+00:00,2025-03-26 17:00:00+00:00,0.45,1.25,85,36.470588235294116,2.8101854376878124,31,54,0.02356845275023145,0.22216537925931534,29.03225806451613,40.74074074074074
THEUSDT,1h,2025-02-24 17:00:00+00:00,2025-03-26 17:00:00+00:00,0.45,1.25,54,25.925925925925924,-13.11009264144801,17,37,-0.044653152516707095,-0.02367452718878904,17.647058823529413,29.72972972972973
TWTUSDT,1h,2025-02-24 17:00:00+00:00,2025-03-26 17:00:00+00:00,0.45,1.25,90,23.333333333333332,-9.82038927607796,57,33,-0.04253238359812772,0.030106364871914648,21.052631578947366,27.27272727272727
VTHOUSDT,1h,2025-02-24 17:00:00+00:00,2025-03-26 17:00:00+00:00,0.45,1.25,70,31.428571428571427,-3.8935575795377257,28,42,-0.007695227500760127,0.055823705134002144,28.57142857142857,33.33333333333333
USTCUSDT,1h,2025-02-24 17:00:00+00:00,2025-03-26 17:00:00+00:00,0.45,1.25,80,28.749999999999996,-4.220792407975346,37,43,-0.036722882980918636,0.10933919138841164,21.62162162162162,34.883720930232556
SUSHIUSDT,1h,2025-02-24 17:00:00+00:00,2025-03-26 17:00:00+00:00,0.45,1.25,72,26.38888888888889,-3.4459223761464473,28,44,-0.0573436445815968,0.10935459578745033,17.857142857142858,31.818181818181817
SEIUSDT,1h,2025-02-24 17:00:00+00:00,2025-03-26 17:00:00+00:00,0.45,1.25,69,31.88405797101449,5.572650911045517,19,50,0.011067197445018828,0.1111280500933759,31.57894736842105,32.0
QTUMUSDT,1h,2025-02-24 17:00:00+00:00,2025-03-26 17:00:00+00:00,0.45,1.25,84,29.761904761904763,-5.982758843016427,27,57,0.0619780632111685,-0.007597307753442473,40.74074074074074,24.561403508771928
SAGAUSDT,1h,2025-02-24 17:00:00+00:00,2025-03-26 17:00:00+00:00,0.45,1.25,80,28.749999999999996,-6.727656348096126,26,54,-0.05036573320130733,0.11940232077997093,19.230769230769234,33.33333333333333
UNIUSDT,1h,2025-02-24 17:00:00+00:00,2025-03-26 17:00:00+00:00,0.45,1.25,61,29.508196721311474,-7.650254583341652,24,37,-0.010142263499803517,0.0063031265798343394,29.166666666666668,29.72972972972973
FTTUSDT,1h,2025-02-24 17:00:00+00:00,2025-03-26 17:00:00+00:00,0.45,1.25,70,31.428571428571427,0.5985304433889455,13,57,-0.019432459743006558,0.13669061930821347,23.076923076923077,33.33333333333333
ARBUSDT,1h,2025-02-24 17:00:00+00:00,2025-03-26 17:00:00+00:00,0.45,1.25,80,23.75,-13.742522396285729,43,37,-0.07545485079427539,-0.002005490777278962,20.930232558139537,27.027027027027028
RENDERUSDT,1h,2025-02-24 17:00:00+00:00,2025-03-26 17:00:00+00:00,0.45,1.25,81,35.80246913580247,6.422545195219619,42,39,0.058185138511751444,0.25818768141046944,30.952380952380953,41.02564102564102
TRXUSDT,1h,2025-02-24 17:00:00+00:00,2025-03-26 17:00:00+00:00,0.45,1.25,44,25.0,-7.110367810315429,19,25,-0.017399233443663453,0.0028792590607831237,21.052631578947366,28.000000000000004
ILVUSDT,1h,2025-02-24 17:00:00+00:00,2025-03-26 17:00:00+00:00,0.45,1.25,81,23.456790123456788,-8.367710269189521,26,55,-0.019269745023908547,-0.03974487784317293,23.076923076923077,23.636363636363637
SUPERUSDT,1h,2025-02-24 17:00:00+00:00,2025-03-26 17:00:00+00:00,0.45,1.25,68,39.705882352941174,25.608003606692304,29,39,0.12276678254747075,0.2216321026675202,37.93103448275862,41.02564102564102
JASMYUSDT,1h,2025-02-24 17:00:00+00:00,2025-03-26 17:00:00+00:00,0.45,1.25,65,41.53846153846154,13.331996726845158,12,53,0.023031053137764546,0.2777469471373172,33.33333333333333,43.39622641509434
1MBABYDOGEUSDT,1h,2025-02-24 17:00:00+00:00,2025-03-26 17:00:00+00:00,0.45,1.25,92,27.173913043478258,-17.134253011760208,52,40,-0.05750475937552946,0.053579032864773724,21.153846153846153,35.0
MOVEUSDT,1h,2025-02-24 17:00:00+00:00,2025-03-26 17:00:00+00:00,0.45,1.25,55,32.72727272727273,1.4782834978993982,20,35,0.037894860825642196,0.1014673369412964,30.0,34.285714285714285
IOSTUSDT,1h,2025-02-24 17:00:00+00:00,2025-03-26 17:00:00+00:00,0.45,1.25,69,30.434782608695656,-11.685683258874063,15,54,-0.07464210756354306,0.06041601745099612,20.0,33.33333333333333
VETUSDT,1h,2025-02-24 17:00:00+00:00,2025-03-26 17:00:00+00:00,0.45,1.25,86,25.581395348837212,-9.915622161602961,44,42,0.01923938518222046,-0.04821050453330755,29.545454545454547,21.428571428571427
JOEUSDT,1h,2025-02-24 17:00:00+00:00,2025-03-26 17:00:00+00:00,0.45,1.25,78,29.48717948717949,-4.217335301075794,43,35,0.04469143206506998,0.008370992846244207,30.23255813953488,28.57142857142857
YGGUSDT,1h,2025-02-24 17:00:00+00:00,2025-03-26 17:00:00+00:00,0.45,1.25,84,36.904761904761905,10.144540671276674,36,48,0.033988961774213955,0.2537474155156877,27.77777777777778,43.75
VELODROMEUSDT,1h,2025-02-24 17:00:00+00:00,2025-03-26 17:00:00+00:00,0.45,1.25,86,24.418604651162788,-18.623975749500886,45,41,-0.1095293812195689,-0.02530524430534342,20.0,29.268292682926827
FLUXUSDT,1h,2025-02-24 17:00:00+00:00,2025-03-26 17:00:00+00:00,0.45,1.25,72,30.555555555555557,0.49291726369707617,28,44,0.019073900539489763,0.03892747310644751,32.142857142857146,29.545454545454547
BLURUSDT,1h,2025-02-24 17:00:00+00:00,2025-03-26 17:00:00+00:00,0.45,1.25,82,29.268292682926827,-1.9966283362782795,33,49,0.032134320649504056,0.0434974906145118,30.303030303030305,28.57142857142857
1INCHUSDT,1h,2025-02-24 17:00:00+00:00,2025-03-26 17:00:00+00:00,0.45,1.25,78,20.51282051282051,-16.69705961565367,36,42,-0.051647395070408386,-0.054928967022744746,19.444444444444446,21.428571428571427
RSRUSDT,1h,2025-02-24 17:00:00+00:00,2025-03-26 17:00:00+00:00,0.45,1.25,81,35.80246913580247,15.668883464429504,34,47,0.10801205762154709,0.15834863731992155,35.294117647058826,36.17021276595745
STGUSDT,1h,2025-02-24 17:00:00+00:00,2025-03-26 17:00:00+00:00,0.45,1.25,76,34.21052631578947,3.9942161731244528,37,39,0.008161727402755115,0.09936551845905983,29.72972972972973,38.46153846153847
WOOUSDT,1h,2025-02-24 17:00:00+00:00,2025-03-26 17:00:00+00:00,0.45,1.25,77,36.36363636363637,4.262992687267985,32,45,0.008487440581412709,0.20242420129017336,31.25,40.0
FETUSDT,1h,2025-02-24 17:00:00+00:00,2025-03-26 17:00:00+00:00,0.45,1.25,70,18.571428571428573,-18.290177305057284,31,39,-0.11655725767254288,-0.0400314519722752,12.903225806451612,23.076923076923077
HFTUSDT,1h,2025-02-24 17:00:00+00:00,2025-03-26 17:00:00+00:00,0.45,1.25,81,25.925925925925924,-7.8733887566725835,39,42,0.014069513605232231,-0.04353687205721046,30.76923076923077,21.428571428571427
AXSUSDT,1h,2025-02-24 17:00:00+00:00,2025-03-26 17:00:00+00:00,0.45,1.25,75,26.666666666666668,-13.70634914344484,32,43,-0.047052829970027354,0.019804125338398815,21.875,30.23255813953488
OMNIUSDT,1h,2025-02-24 17:00:00+00:00,2025-03-26 17:00:00+00:00,0.45,1.25,85,18.823529411764707,-32.916641672297956,31,54,-0.17160869934228473,-0.068112365713767,9.67741935483871,24.074074074074073
POWRUSDT,1h,2025-02-24 17:00:00+00:00,2025-03-26 17:00:00+00:00,0.45,1.25,66,22.727272727272727,-11.79041576472785,21,45,-0.03548013004661499,-0.03656883340554884,19.047619047619047,24.444444444444443
WAXPUSDT,1h,2025-02-24 17:00:00+00:00,2025-03-26 17:00:00+00:00,0.45,1.25,75,34.66666666666667,0.7290851124351612,26,49,0.05146878212564232,0.03600117421456506,42.30769230769231,30.612244897959183
NULSUSDT,1h,2025-02-24 17:00:00+00:00,2025-03-26 17:00:00+00:00,0.45,1.25,82,28.04878048780488,-10.244335691532807,28,54,-0.030114505214971943,-0.00405284308032916,25.0,29.629629629629626
ETHFIUSDT,1h,2025-02-24 17:00:00+00:00,2025-03-26 17:00:00+00:00,0.45,1.25,88,38.63636363636363,16.193541126588592,24,64,-0.014339226235397073,0.35203461080995546,25.0,43.75
SUIUSDT,1h,2025-02-24 17:00:00+00:00,2025-03-26 17:00:00+00:00,0.45,1.25,74,37.83783783783784,6.600270809884997,31,43,0.07057834768705695,0.16966974857978956,38.70967741935484,37.2093023255814
ZKUSDT,1h,2025-02-24 17:00:00+00:00,2025-03-26 17:00:00+00:00,0.45,1.25,75,30.666666666666664,-3.470771281920921,24,51,-0.0649637095077118,0.1817092917125317,16.666666666666664,37.254901960784316
GASUSDT,1h,2025-02-24 17:00:00+00:00,2025-03-26 17:00:00+00:00,0.45,1.25,77,29.87012987012987,-4.796322979876725,30,47,-0.025362802553299035,0.1095085950763266,20.0,36.17021276595745
NTRNUSDT,1h,2025-02-24 17:00:00+00:00,2025-03-26 17:00:00+00:00,0.45,1.25,68,29.411764705882355,-4.777135444396629,32,36,-0.04287342733295452,0.0912701087720097,21.875,36.11111111111111
LPTUSDT,1h,2025-02-24 17:00:00+00:00,2025-03-26 17:00:00+00:00,0.45,1.25,67,31.343283582089555,-1.3632828066500953,27,40,0.04813024182422054,0.057675926117353615,33.33333333333333,30.0
EOSUSDT,1h,2025-02-24 17:00:00+00:00,2025-03-26 17:00:00+00:00,0.45,1.25,67,26.865671641791046,-2.980733494197554,26,41,0.04619784216331768,-0.00836188323658782,26.923076923076923,26.82926829268293
GMXUSDT,1h,2025-02-24 17:00:00+00:00,2025-03-26 17:00:00+00:00,0.45,1.25,68,23.52941176470588,-17.33830991311646,15,53,-0.022384940240381956,-0.09036894170034604,26.666666666666668,22.641509433962266
TRUMPUSDT,1h,2025-02-24 17:00:00+00:00,2025-03-26 17:00:00+00:00,0.45,1.25,71,35.2112676056338,-2.890336245639075,20,51,-0.1162187999413472,0.2913942895133239,15.0,43.13725490196079
RLCUSDT,1h,2025-02-24 17:00:00+00:00,2025-03-26 17:00:00+00:00,0.45,1.25,74,16.216216216216218,-25.109983755653538,49,25,-0.11864550888052006,-0.11027472233607782,18.367346938775512,12.0
BAKEUSDT,1h,2025-02-24 17:00:00+00:00,2025-03-26 17:00:00+00:00,0.45,1.25,67,20.8955223880597,-16.341748997756874,22,45,-0.07559494888471607,-0.02725017446763156,18.181818181818183,22.22222222222222
ADAUSDT,1h,2025-02-24 17:00:00+00:00,2025-03-26 17:00:00+00:00,0.45,1.25,62,22.58064516129032,-17.54015612038409,24,38,-0.09832963359666413,-0.0018289261967826542,16.666666666666664,26.31578947368421
SOLUSDT,1h,2025-02-24 17:00:00+00:00,2025-03-26 17:00:00+00:00,0.45,1.25,66,27.27272727272727,-4.894563442876191,26,40,-0.01229636586611249,0.015417586531136784,26.923076923076923,27.500000000000004
CELRUSDT,1h,2025-02-24 17:00:00+00:00,2025-03-26 17:00:00+00:00,0.45,1.25,79,25.31645569620253,-13.724644973262587,39,40,-0.08275574589649481,0.056590000883681824,20.51282051282051,30.0
CELOUSDT,1h,2025-02-24 17:00:00+00:00,2025-03-26 17:00:00+00:00,0.45,1.25,76,27.631578947368425,-7.641864577023137,41,35,-0.03384563731654444,0.05603178128556774,24.390243902439025,31.428571428571427
ATAUSDT,1h,2025-02-24 17:00:00+00:00,2025-03-26 17:00:00+00:00,0.45,1.25,87,35.63218390804598,15.935212163371359,48,39,0.1929475564936567,0.005699287286076604,41.66666666666667,28.205128205128204
ACXUSDT,1h,2025-02-24 17:00:00+00:00,2025-03-26 17:00:00+00:00,0.45,1.25,59,37.28813559322034,7.714450320215104,23,36,0.008843095543194734,0.17706423103691005,30.434782608695656,41.66666666666667
FIOUSDT,1h,2025-02-24 17:00:00+00:00,2025-03-26 17:00:00+00:00,0.45,1.25,76,21.052631578947366,-15.910931000271242,25,51,-0.03676434947237639,-0.0562131888997931,20.0,21.568627450980394
TONUSDT,1h,2025-02-24 17:00:00+00:00,2025-03-26 17:00:00+00:00,0.45,1.25,63,38.095238095238095,6.406865149911889,29,34,0.05487957349092598,0.10741063619117197,34.48275862068966,41.17647058823529
XRPUSDT,1h,2025-02-24 17:00:00+00:00,2025-03-26 17:00:00+00:00,0.45,1.25,69,26.08695652173913,-5.0956869762600405,34,35,-0.08910762259344229,0.16404831726767033,14.705882352941178,37.142857142857146
DGBUSDT,1h,2025-02-24 17:00:00+00:00,2025-03-26 17:00:00+00:00,0.45,1.25,69,30.434782608695656,-4.961784736833582,44,25,-0.011285124556023485,0.03909123904549361,27.27272727272727,36.0
APTUSDT,1h,2025-02-24 17:00:00+00:00,2025-03-26 17:00:00+00:00,0.45,1.25,71,39.436619718309856,9.597402257220004,45,26,0.11411315738596861,0.07639119133922756,44.44444444444444,30.76923076923077
FXSUSDT,1h,2025-02-24 17:00:00+00:00,2025-03-26 17:00:00+00:00,0.45,1.25,67,28.35820895522388,-7.745422114390228,33,34,0.0544598819159392,-0.030647686386103934,33.33333333333333,23.52941176470588
AVAXUSDT,1h,2025-02-24 17:00:00+00:00,2025-03-26 17:00:00+00:00,0.45,1.25,57,19.298245614035086,-13.66938131330982,29,28,-0.04869111710183749,-0.06605052281847645,20.689655172413794,17.857142857142858
GPSUSDT,1h,2025-03-04 13:00:00+00:00,2025-03-26 17:00:00+00:00,0.45,1.25,35,34.285714285714285,2.3896969806393957,3,32,-0.07754949643219955,0.22568201198832571,0.0,37.5
REDUSDT,1h,2025-02-28 10:00:00+00:00,2025-03-26 17:00:00+00:00,0.45,1.25,30,16.666666666666664,-29.876923975578567,4,26,-0.06388168160652641,-0.38635964659342503,0.0,19.230769230769234
VICUSDT,1h,2025-02-24 17:00:00+00:00,2025-03-26 17:00:00+00:00,0.45,1.25,14,28.57142857142857,0.7236215230064932,4,10,-0.056826901065035296,0.05413769636919352,0.0,40.0
EPICUSDT,1h,2025-03-13 08:00:00+00:00,2025-03-26 17:00:00+00:00,0.45,1.25,25,28.000000000000004,-0.4095755468489835,6,19,-0.024477874031013647,0.01963733497136444,16.666666666666664,31.57894736842105
BMTUSDT,1h,2025-03-18 15:00:00+00:00,2025-03-26 17:00:00+00:00,0.45,1.25,12,33.33333333333333,4.236756234907115,3,9,-0.06976408877453621,0.09811799105341867,0.0,44.44444444444444
FORMUSDT,1h,2025-03-19 08:00:00+00:00,2025-03-26 17:00:00+00:00,0.45,1.25,18,16.666666666666664,-9.77425355934624,15,3,-0.07477801141796458,-0.001799646575516678,13.333333333333334,33.33333333333333
NILUSDT,1h,2025-03-24 13:00:00+00:00,2025-03-26 17:00:00+00:00,0.45,1.25,5,20.0,-4.485377348198171,4,1,-0.0020606472799629127,-0.033016067928797854,25.0,0.0
PARTIUSDT,1h,2025-03-25 13:00:00+00:00,2025-03-26 17:00:00+00:00,0.45,1.25,1,0.0,-3.4381812527554576,1,0,-0.03341571432218893,0.0,0.0,0.0
