#,id,symbol,timeframe,signal,entry_price,unix_timestamp,utc_time,local_time
1,27,MASKUSDT,1h,STRONG_BUY,2.26393793,1740502902,2025-02-26 00:01:42.899724,2025-02-26 00:01:42.899724
2,28,ETHUSDT,1h,SELL,2420.46,1740502930,2025-02-26 00:02:10.098242,2025-02-26 00:02:10.098242
3,29,COWUSDT,1h,STRONG_BUY,0.44492659,1740502967,2025-02-26 00:02:47.768526,2025-02-26 00:02:47.768526
4,30,BTCUSDT,1h,SELL,87557.66377037,1740502983,2025-02-26 00:03:03.139575,2025-02-26 00:03:03.139575
5,31,PENGUUSDT,15m,STRONG_BUY,0.008166,1740504607,2025-02-26 00:30:07.400803,2025-02-26 00:30:07.400803
6,32,BTCUSDT,15m,SELL,87575,1740504630,2025-02-26 00:30:30.104227,2025-02-26 00:30:30.104227
7,33,VANAUSDT,15m,STRONG_BUY,8.91807398,1740504632,2025-02-26 00:30:32.503754,2025-02-26 00:30:32.503754
8,34,HEIUSDT,15m,STRONG_BUY,0.5767,1740504634,2025-02-26 00:30:34.298799,2025-02-26 00:30:34.298799
9,35,GLMUSDT,15m,STRONG_SELL,0.3335619,1740504642,2025-02-26 00:30:42.292061,2025-02-26 00:30:42.292061
10,36,QNTUSDT,15m,STRONG_BUY,96.1,1740504681,2025-02-26 00:31:21.625253,2025-02-26 00:31:21.625253
11,37,ETHUSDT,15m,BUY,2439.77,1740504702,2025-02-26 00:31:42.830030,2025-02-26 00:31:42.830030
12,38,ENAUSDT,15m,STRONG_BUY,0.41160693,1740504725,2025-02-26 00:32:05.402252,2025-02-26 00:32:05.402252
13,39,PEOPLEUSDT,15m,STRONG_BUY,0.01980894,1740504785,2025-02-26 00:33:05.207897,2025-02-26 00:33:05.207897
14,40,FTTUSDT,1h,STRONG_SELL,1.66821467,1740531634,2025-02-26 08:00:34.495387,2025-02-26 08:00:34.495387
15,41,TRUMPUSDT,1h,STRONG_SELL,13.07698586,1740531685,2025-02-26 08:01:25.354939,2025-02-26 08:01:25.354939
16,42,DEXEUSDT,1h,STRONG_BUY,19.85788432,1740531727,2025-02-26 08:02:07.676312,2025-02-26 08:02:07.676312
17,43,RAYUSDT,1h,STRONG_SELL,2.48867526,1740531743,2025-02-26 08:02:23.103839,2025-02-26 08:02:23.103839
18,44,ARKUSDT,1h,STRONG_SELL,0.4201,1740531791,2025-02-26 08:03:11.825450,2025-02-26 08:03:11.825450
19,45,ETHUSDT,1h,SELL,2477.79663492,1740531857,2025-02-26 08:04:17.669415,2025-02-26 08:04:17.669415
20,46,TRXUSDT,1h,STRONG_SELL,0.2281,1740531908,2025-02-26 08:05:08.947431,2025-02-26 08:05:08.947431
21,47,BTCUSDT,1h,SELL,88194.04380741,1740531991,2025-02-26 08:06:31.069022,2025-02-26 08:06:31.069022
22,48,ACTUSDT,1h,STRONG_BUY,0.22436,1740532007,2025-02-26 08:06:47.287920,2025-02-26 08:06:47.287920
23,49,ETHUSDT,1h,SELL,2477.94209524,1740535842,2025-02-26 09:10:42.693677,2025-02-26 09:10:42.693677
24,50,QNTUSDT,1h,STRONG_BUY,99.15897896,1740535889,2025-02-26 09:11:29.035071,2025-02-26 09:11:29.035071
25,51,PNUTUSDT,1h,STRONG_BUY,0.1783593,1740536021,2025-02-26 09:13:41.047076,2025-02-26 09:13:41.047076
26,52,SEIUSDT,1h,STRONG_BUY,0.2786,1740536057,2025-02-26 09:14:17.034104,2025-02-26 09:14:17.034104
27,53,BTCUSDT,1h,SELL,88700,1740536111,2025-02-26 09:15:11.173365,2025-02-26 09:15:11.173365
28,54,DEXEUSDT,1h,STRONG_BUY,20.046,1740536136,2025-02-26 09:15:36.227441,2025-02-26 09:15:36.227441
29,55,MKRUSDT,1h,STRONG_BUY,1677.4,1740536151,2025-02-26 09:15:51.329273,2025-02-26 09:15:51.329273
30,56,1000SATSUSDT,1h,STRONG_BUY,0.00012518,1740536195,2025-02-26 09:16:35.165794,2025-02-26 09:16:35.165794
31,57,BNXUSDT,1h,STRONG_BUY,1.13685583,1740536197,2025-02-26 09:16:37.737576,2025-02-26 09:16:37.737576
32,58,ACTUSDT,1h,STRONG_BUY,0.22853082,1740536237,2025-02-26 09:17:17.188446,2025-02-26 09:17:17.188446
33,59,NEIROUSDT,1h,STRONG_BUY,0.000377,1740538828,2025-02-26 10:00:28.507570,2025-02-26 10:00:28.507570
34,60,ACTUSDT,1h,STRONG_BUY,0.23161025,1740538860,2025-02-26 10:01:00.814294,2025-02-26 10:01:00.814294
35,61,AUCTIONUSDT,4h,STRONG_BUY,17.45704591,1740543899,2025-02-26 11:24:59.274869,2025-02-26 11:24:59.274869
36,62,TRUMPUSDT,4h,STRONG_SELL,13.07901313,1740543915,2025-02-26 11:25:15.958282,2025-02-26 11:25:15.958282
37,63,BELUSDT,4h,STRONG_BUY,0.96510394,1740543931,2025-02-26 11:25:31.225867,2025-02-26 11:25:31.225867
38,64,CTSIUSDT,4h,STRONG_SELL,0.0903,1740543957,2025-02-26 11:25:57.229205,2025-02-26 11:25:57.229205
39,65,BERAUSDT,4h,STRONG_BUY,7.18337654,1740543976,2025-02-26 11:26:16.350203,2025-02-26 11:26:16.350203
40,66,SEIUSDT,4h,STRONG_BUY,0.28554345,1740543979,2025-02-26 11:26:19.246607,2025-02-26 11:26:19.246607
41,67,PROMUSDT,4h,STRONG_BUY,6.688,1740543985,2025-02-26 11:26:25.193381,2025-02-26 11:26:25.193381
42,68,TIAUSDT,4h,STRONG_BUY,3.77736265,1740543999,2025-02-26 11:26:39.993946,2025-02-26 11:26:39.993946
43,69,DEXEUSDT,4h,STRONG_BUY,20.335,1740544004,2025-02-26 11:26:44.666363,2025-02-26 11:26:44.666363
44,70,BTCUSDT,4h,SELL,89065.37672593,1740544005,2025-02-26 11:26:45.782013,2025-02-26 11:26:45.782013
45,71,TNSRUSDT,4h,STRONG_BUY,0.4961,1740544050,2025-02-26 11:27:30.378318,2025-02-26 11:27:30.378318
46,72,STPTUSDT,4h,STRONG_BUY,0.11474879,1740544055,2025-02-26 11:27:35.410637,2025-02-26 11:27:35.410637
47,73,DFUSDT,4h,STRONG_BUY,0.08250322,1740544065,2025-02-26 11:27:45.122753,2025-02-26 11:27:45.122753
48,74,ETHUSDT,4h,SELL,2494.5915873,1740544070,2025-02-26 11:27:50.273740,2025-02-26 11:27:50.273740
49,75,RUNEUSDT,1h,STRONG_BUY,1.57848901,1740545217,2025-02-26 11:46:57.821617,2025-02-26 11:46:57.821617
50,76,ETHUSDT,1h,NEUTRAL,2495.22,1740545225,2025-02-26 11:47:05.838089,2025-02-26 11:47:05.838089
51,77,KSMUSDT,1h,STRONG_BUY,21.11,1740545228,2025-02-26 11:47:08.479931,2025-02-26 11:47:08.479931
52,78,AUCTIONUSDT,1h,STRONG_BUY,17.50425887,1740545233,2025-02-26 11:47:13.710780,2025-02-26 11:47:13.710780
53,79,KAITOUSDT,1h,STRONG_BUY,1.80031448,1740545238,2025-02-26 11:47:18.670472,2025-02-26 11:47:18.670472
54,80,KAIAUSDT,1h,STRONG_BUY,0.13071139,1740545239,2025-02-26 11:47:19.206899,2025-02-26 11:47:19.206899
55,81,PROMUSDT,1h,STRONG_BUY,6.67167778,1740545240,2025-02-26 11:47:20.194819,2025-02-26 11:47:20.194819
56,82,TNSRUSDT,1h,STRONG_BUY,0.50325738,1740545263,2025-02-26 11:47:43.193940,2025-02-26 11:47:43.193940
57,83,QNTUSDT,1h,STRONG_BUY,105.33,1740545265,2025-02-26 11:47:45.535749,2025-02-26 11:47:45.535749
58,84,REZUSDT,1h,STRONG_BUY,0.01744318,1740545276,2025-02-26 11:47:56.521687,2025-02-26 11:47:56.521687
59,85,ACTUSDT,1h,STRONG_BUY,0.2332671,1740545281,2025-02-26 11:48:01.081655,2025-02-26 11:48:01.081655
60,86,TIAUSDT,1h,STRONG_BUY,3.7428,1740545291,2025-02-26 11:48:11.143743,2025-02-26 11:48:11.143743
61,87,METISUSDT,1h,STRONG_BUY,25.94,1740545299,2025-02-26 11:48:19.212863,2025-02-26 11:48:19.212863
62,88,DFUSDT,1h,STRONG_BUY,0.08362651,1740545335,2025-02-26 11:48:55.227350,2025-02-26 11:48:55.227350
63,89,DEXEUSDT,1h,STRONG_BUY,20.407,1740545344,2025-02-26 11:49:04.756301,2025-02-26 11:49:04.756301
64,90,GLMUSDT,1h,STRONG_BUY,0.33785234,1740545351,2025-02-26 11:49:11.624966,2025-02-26 11:49:11.624966
65,91,BELUSDT,1h,STRONG_BUY,0.96665119,1740545370,2025-02-26 11:49:30.059754,2025-02-26 11:49:30.059754
66,92,BTCUSDT,1h,NEUTRAL,89011.8,1740545382,2025-02-26 11:49:42.713321,2025-02-26 11:49:42.713321
67,93,HMSTRUSDT,1h,STRONG_BUY,0.001801,1740545390,2025-02-26 11:49:50.998787,2025-02-26 11:49:50.998787
68,94,MASKUSDT,1h,STRONG_BUY,2.29600778,1740545393,2025-02-26 11:49:53.716873,2025-02-26 11:49:53.716873
69,95,USUALUSDT,1h,STRONG_BUY,0.2264,1740545394,2025-02-26 11:49:54.234994,2025-02-26 11:49:54.234994
70,96,BERAUSDT,1h,STRONG_BUY,7.054,1740545398,2025-02-26 11:49:58.346971,2025-02-26 11:49:58.346971
71,97,GUSDT,1h,STRONG_BUY,0.01996498,1740545400,2025-02-26 11:50:00.903514,2025-02-26 11:50:00.903514
72,98,USUALUSDT,1h,STRONG_BUY,0.2257069,1740546008,2025-02-26 12:00:08.820513,2025-02-26 12:00:08.820513
73,99,BTCUSDT,1h,SELL,88746,1740546040,2025-02-26 12:00:40.502199,2025-02-26 12:00:40.502199
74,100,ETHUSDT,1h,SELL,2487.01,1740546119,2025-02-26 12:01:59.280054,2025-02-26 12:01:59.280054
75,101,REZUSDT,1h,STRONG_BUY,0.01748733,1740546210,2025-02-26 12:03:30.627007,2025-02-26 12:03:30.627007
76,102,ETHUSDT,1h,SELL,2477.41,1740549622,2025-02-26 13:00:22.830074,2025-02-26 13:00:22.830074
77,103,ARKUSDT,1h,STRONG_SELL,0.42051052,1740549637,2025-02-26 13:00:37.042057,2025-02-26 13:00:37.042057
78,104,STPTUSDT,1h,STRONG_BUY,0.11279149,1740549662,2025-02-26 13:01:02.346340,2025-02-26 13:01:02.346340
79,105,FTTUSDT,1h,STRONG_SELL,1.69582739,1740549795,2025-02-26 13:03:15.196794,2025-02-26 13:03:15.196794
80,106,BTCUSDT,1h,SELL,88588.70311852,1740549823,2025-02-26 13:03:43.335681,2025-02-26 13:03:43.335681
81,107,ETHUSDT,1h,NEUTRAL,2496.45745238,1740553538,2025-02-26 14:05:38.889744,2025-02-26 14:05:38.889744
82,108,IMXUSDT,1h,STRONG_BUY,0.72428553,1740553543,2025-02-26 14:05:43.701924,2025-02-26 14:05:43.701924
83,109,AUCTIONUSDT,1h,STRONG_BUY,18.178,1740553583,2025-02-26 14:06:23.356552,2025-02-26 14:06:23.356552
84,110,PENGUUSDT,1h,STRONG_BUY,0.008408,1740553588,2025-02-26 14:06:28.565073,2025-02-26 14:06:28.565073
85,111,REZUSDT,1h,STRONG_BUY,0.01758,1740553621,2025-02-26 14:07:01.761046,2025-02-26 14:07:01.761046
86,112,TIAUSDT,1h,STRONG_BUY,3.85424247,1740553629,2025-02-26 14:07:09.441317,2025-02-26 14:07:09.441317
87,113,ETHUSDT,1h,NEUTRAL,2496.5,1740553665,2025-02-26 14:07:45.602669,2025-02-26 14:07:45.602669
88,114,MKRUSDT,1h,STRONG_BUY,1694.76732458,1740553701,2025-02-26 14:08:21.699887,2025-02-26 14:08:21.699887
89,115,REZUSDT,1h,STRONG_BUY,0.01757305,1740553710,2025-02-26 14:08:30.175191,2025-02-26 14:08:30.175191
90,116,BTCUSDT,1h,SELL,88818.1,1740553728,2025-02-26 14:08:48.564484,2025-02-26 14:08:48.564484
91,117,BTCUSDT,1h,SELL,88814.5,1740553753,2025-02-26 14:09:13.527213,2025-02-26 14:09:13.527213
92,118,NEIROUSDT,1h,STRONG_BUY,0.0003753,1740553759,2025-02-26 14:09:19.600555,2025-02-26 14:09:19.600555
93,119,ACHUSDT,1h,STRONG_BUY,0.03153605,1740553766,2025-02-26 14:09:26.737499,2025-02-26 14:09:26.737499
94,120,KAITOUSDT,1h,STRONG_BUY,1.8354,1740553788,2025-02-26 14:09:48.482153,2025-02-26 14:09:48.482153
95,121,IMXUSDT,1h,STRONG_BUY,0.72516812,1740553811,2025-02-26 14:10:11.928750,2025-02-26 14:10:11.928750
96,122,PENGUUSDT,1h,STRONG_BUY,0.008404,1740553826,2025-02-26 14:10:26.749451,2025-02-26 14:10:26.749451
97,123,NEIROUSDT,1h,STRONG_BUY,0.00037555,1740553832,2025-02-26 14:10:32.640323,2025-02-26 14:10:32.640323
98,124,ACHUSDT,1h,STRONG_BUY,0.031635,1740553847,2025-02-26 14:10:47.595576,2025-02-26 14:10:47.595576
99,125,LAYERUSDT,1h,STRONG_BUY,0.7466,1740553856,2025-02-26 14:10:56.158180,2025-02-26 14:10:56.158180
100,126,KAITOUSDT,1h,STRONG_BUY,1.84149219,1740553858,2025-02-26 14:10:58.959254,2025-02-26 14:10:58.959254
101,127,LAYERUSDT,1h,STRONG_BUY,0.7457,1740553867,2025-02-26 14:11:07.670579,2025-02-26 14:11:07.670579
102,128,TAOUSDT,4h,STRONG_SELL,371.18672393,1740555682,2025-02-26 14:41:22.317101,2025-02-26 14:41:22.317101
103,129,AUCTIONUSDT,4h,STRONG_BUY,17.64836804,1740555696,2025-02-26 14:41:36.390457,2025-02-26 14:41:36.390457
104,130,SOLUSDT,4h,STRONG_SELL,139.92,1740555705,2025-02-26 14:41:45.046820,2025-02-26 14:41:45.046820
105,131,MDTUSDT,4h,STRONG_SELL,0.02905388,1740555714,2025-02-26 14:41:54.534973,2025-02-26 14:41:54.534973
106,132,HBARUSDT,4h,STRONG_SELL,0.19356366,1740555719,2025-02-26 14:41:59.592320,2025-02-26 14:41:59.592320
107,133,BNTUSDT,4h,STRONG_SELL,0.46269717,1740555722,2025-02-26 14:42:02.225267,2025-02-26 14:42:02.225267
108,134,ANKRUSDT,4h,STRONG_SELL,0.02092305,1740555724,2025-02-26 14:42:04.869843,2025-02-26 14:42:04.869843
109,135,EOSUSDT,4h,STRONG_SELL,0.56017111,1740555751,2025-02-26 14:42:31.150182,2025-02-26 14:42:31.150182
110,136,TNSRUSDT,4h,STRONG_BUY,0.4945,1740555752,2025-02-26 14:42:32.063409,2025-02-26 14:42:32.063409
111,137,BLURUSDT,4h,STRONG_SELL,0.13044,1740555756,2025-02-26 14:42:36.178303,2025-02-26 14:42:36.178303
112,138,HIVEUSDT,4h,STRONG_SELL,0.28697,1740555758,2025-02-26 14:42:38.308903,2025-02-26 14:42:38.308903
113,139,CHRUSDT,4h,STRONG_SELL,0.12001652,1740555772,2025-02-26 14:42:52.159215,2025-02-26 14:42:52.159215
114,140,IOUSDT,4h,STRONG_SELL,1.2052,1740555781,2025-02-26 14:43:01.524080,2025-02-26 14:43:01.524080
115,141,PHBUSDT,4h,STRONG_SELL,0.7844,1740555794,2025-02-26 14:43:14.150793,2025-02-26 14:43:14.150793
116,142,IDEXUSDT,4h,STRONG_SELL,0.03336729,1740555801,2025-02-26 14:43:21.585907,2025-02-26 14:43:21.585907
117,143,WAXPUSDT,4h,STRONG_SELL,0.02951313,1740555809,2025-02-26 14:43:29.544803,2025-02-26 14:43:29.544803
118,144,TSTUSDT,4h,STRONG_SELL,0.0859746,1740555817,2025-02-26 14:43:37.270474,2025-02-26 14:43:37.270474
119,145,TIAUSDT,4h,STRONG_BUY,3.8494,1740555819,2025-02-26 14:43:39.572742,2025-02-26 14:43:39.572742
120,146,BELUSDT,4h,STRONG_BUY,0.9646,1740555832,2025-02-26 14:43:52.629146,2025-02-26 14:43:52.629146
121,147,RAYUSDT,4h,STRONG_SELL,2.46568239,1740555834,2025-02-26 14:43:54.595420,2025-02-26 14:43:54.595420
122,148,SAGAUSDT,4h,STRONG_SELL,0.52251415,1740555838,2025-02-26 14:43:58.305969,2025-02-26 14:43:58.305969
123,149,ALPACAUSDT,4h,STRONG_SELL,0.11674224,1740555851,2025-02-26 14:44:11.508966,2025-02-26 14:44:11.508966
124,150,HIFIUSDT,4h,STRONG_SELL,0.3958,1740555853,2025-02-26 14:44:13.367002,2025-02-26 14:44:13.367002
125,151,RONINUSDT,4h,STRONG_SELL,1.03675768,1740555858,2025-02-26 14:44:18.846069,2025-02-26 14:44:18.846069
126,152,ETHUSDT,4h,SELL,2480.84,1740555868,2025-02-26 14:44:28.595593,2025-02-26 14:44:28.595593
127,153,QNTUSDT,4h,STRONG_BUY,104.9996697,1740555874,2025-02-26 14:44:34.568452,2025-02-26 14:44:34.568452
128,154,CTSIUSDT,4h,STRONG_SELL,0.08932568,1740555879,2025-02-26 14:44:39.401149,2025-02-26 14:44:39.401149
129,155,AXLUSDT,4h,STRONG_SELL,0.4326,1740555880,2025-02-26 14:44:40.261960,2025-02-26 14:44:40.261960
130,156,HOTUSDT,4h,STRONG_SELL,0.001408,1740555883,2025-02-26 14:44:43.031703,2025-02-26 14:44:43.031703
131,157,TRUMPUSDT,4h,STRONG_SELL,12.909,1740555887,2025-02-26 14:44:47.351270,2025-02-26 14:44:47.351270
132,158,CKBUSDT,4h,STRONG_SELL,0.00573347,1740555890,2025-02-26 14:44:50.226067,2025-02-26 14:44:50.226067
133,159,BATUSDT,4h,STRONG_SELL,0.16526375,1740555891,2025-02-26 14:44:51.906111,2025-02-26 14:44:51.906111
134,160,WIFUSDT,4h,STRONG_SELL,0.5579,1740555894,2025-02-26 14:44:54.895627,2025-02-26 14:44:54.895627
135,161,1000CHEEMSUSDT,4h,STRONG_SELL,0.00089824,1740555896,2025-02-26 14:44:56.924299,2025-02-26 14:44:56.924299
136,162,KAITOUSDT,4h,STRONG_BUY,1.8263629,1740555899,2025-02-26 14:44:59.149920,2025-02-26 14:44:59.149920
137,163,DFUSDT,4h,STRONG_BUY,0.08331558,1740555900,2025-02-26 14:45:00.645628,2025-02-26 14:45:00.645628
138,164,ETHFIUSDT,4h,STRONG_SELL,0.95712522,1740555906,2025-02-26 14:45:06.315812,2025-02-26 14:45:06.315812
139,165,PROMUSDT,4h,STRONG_BUY,6.70220864,1740555912,2025-02-26 14:45:12.718696,2025-02-26 14:45:12.718696
140,166,PENDLEUSDT,4h,STRONG_SELL,2.8827,1740555917,2025-02-26 14:45:17.421247,2025-02-26 14:45:17.421247
141,167,LDOUSDT,4h,STRONG_SELL,1.3851,1740555933,2025-02-26 14:45:33.985006,2025-02-26 14:45:33.985006
142,168,POWRUSDT,4h,STRONG_SELL,0.19649065,1740555935,2025-02-26 14:45:35.423623,2025-02-26 14:45:35.423623
143,169,METISUSDT,4h,STRONG_SELL,24.94762597,1740555949,2025-02-26 14:45:49.668473,2025-02-26 14:45:49.668473
144,170,LUMIAUSDT,4h,STRONG_SELL,0.40618139,1740555954,2025-02-26 14:45:54.310937,2025-02-26 14:45:54.310937
145,171,ENSUSDT,4h,STRONG_SELL,22.77,1740555980,2025-02-26 14:46:20.555003,2025-02-26 14:46:20.555003
146,172,SCUSDT,4h,STRONG_SELL,0.00372184,1740555983,2025-02-26 14:46:23.989738,2025-02-26 14:46:23.989738
147,173,FETUSDT,4h,STRONG_SELL,0.6539,1740555994,2025-02-26 14:46:34.462531,2025-02-26 14:46:34.462531
148,174,QTUMUSDT,4h,STRONG_SELL,2.57987168,1740556003,2025-02-26 14:46:43.271136,2025-02-26 14:46:43.271136
149,175,XLMUSDT,4h,STRONG_SELL,0.29029142,1740556006,2025-02-26 14:46:46.896878,2025-02-26 14:46:46.896878
150,176,BTCUSDT,4h,SELL,88490.82873333,1740556023,2025-02-26 14:47:03.827757,2025-02-26 14:47:03.827757
151,177,COOKIEUSDT,4h,STRONG_SELL,0.18619672,1740556024,2025-02-26 14:47:04.626753,2025-02-26 14:47:04.626753
152,178,GASUSDT,4h,STRONG_SELL,3.45974842,1740556028,2025-02-26 14:47:08.786088,2025-02-26 14:47:08.786088
153,179,POLYXUSDT,4h,STRONG_SELL,0.15993,1740556031,2025-02-26 14:47:11.350987,2025-02-26 14:47:11.350987
154,180,AAVEUSDT,4h,STRONG_SELL,203.06,1740556036,2025-02-26 14:47:16.226939,2025-02-26 14:47:16.226939
155,181,STPTUSDT,4h,STRONG_BUY,0.11507476,1740556040,2025-02-26 14:47:20.814978,2025-02-26 14:47:20.814978
156,182,BELUSDT,4h,STRONG_BUY,0.97534847,1740556803,2025-02-26 15:00:03.696440,2025-02-26 15:00:03.696440
157,183,LUMIAUSDT,4h,STRONG_SELL,0.40725432,1740556810,2025-02-26 15:00:10.085340,2025-02-26 15:00:10.085340
158,184,XLMUSDT,4h,STRONG_SELL,0.29179,1740556818,2025-02-26 15:00:18.043623,2025-02-26 15:00:18.043623
159,185,SOLUSDT,4h,STRONG_SELL,140.23,1740556839,2025-02-26 15:00:39.634847,2025-02-26 15:00:39.634847
160,186,BTCUSDT,4h,SELL,88629.34013333,1740556855,2025-02-26 15:00:55.858660,2025-02-26 15:00:55.858660
161,187,LDOUSDT,4h,STRONG_SELL,1.38776269,1740556861,2025-02-26 15:01:01.579124,2025-02-26 15:01:01.579124
162,188,CKBUSDT,4h,STRONG_SELL,0.005752,1740556863,2025-02-26 15:01:03.787465,2025-02-26 15:01:03.787465
163,189,BNTUSDT,4h,STRONG_SELL,0.46453,1740556977,2025-02-26 15:02:57.218856,2025-02-26 15:02:57.218856
164,190,KAITOUSDT,4h,STRONG_BUY,1.82264354,1740556996,2025-02-26 15:03:16.685585,2025-02-26 15:03:16.685585
165,191,ENSUSDT,4h,STRONG_SELL,22.8934213,1740557022,2025-02-26 15:03:42.186034,2025-02-26 15:03:42.186034
166,192,ETHUSDT,4h,SELL,2483.80022989,1740557049,2025-02-26 15:04:09.362381,2025-02-26 15:04:09.362381
167,193,FETUSDT,4h,STRONG_SELL,0.65521409,1740557143,2025-02-26 15:05:43.733910,2025-02-26 15:05:43.733910
168,194,SCUSDT,4h,STRONG_SELL,0.00371013,1740557156,2025-02-26 15:05:56.691445,2025-02-26 15:05:56.691445
169,195,TNSRUSDT,4h,STRONG_BUY,0.4913,1740557160,2025-02-26 15:06:00.444353,2025-02-26 15:06:00.444353
170,196,QTUMUSDT,4h,STRONG_SELL,2.583,1740557199,2025-02-26 15:06:39.730410,2025-02-26 15:06:39.730410
171,197,BELUSDT,4h,STRONG_BUY,1.00186125,1740563339,2025-02-26 16:48:59.352428,2025-02-26 16:48:59.352428
172,198,TWTUSDT,4h,STRONG_BUY,1.04153776,1740563343,2025-02-26 16:49:03.401556,2025-02-26 16:49:03.401556
173,199,BNXUSDT,4h,STRONG_BUY,1.1485595,1740563351,2025-02-26 16:49:11.248077,2025-02-26 16:49:11.248077
174,200,BTCUSDT,4h,SELL,89055.93517241,1740563373,2025-02-26 16:49:33.357321,2025-02-26 16:49:33.357321
175,201,RLCUSDT,4h,STRONG_SELL,1.1936,1740563382,2025-02-26 16:49:42.462689,2025-02-26 16:49:42.462689
176,202,1000CHEEMSUSDT,4h,STRONG_SELL,0.00089387,1740563390,2025-02-26 16:49:50.255288,2025-02-26 16:49:50.255288
177,203,STPTUSDT,4h,STRONG_BUY,0.11630092,1740563402,2025-02-26 16:50:02.390795,2025-02-26 16:50:02.390795
178,204,PROMUSDT,4h,STRONG_BUY,6.936,1740563410,2025-02-26 16:50:10.725941,2025-02-26 16:50:10.725941
179,205,KAITOUSDT,4h,STRONG_BUY,2.03464126,1740563448,2025-02-26 16:50:48.073970,2025-02-26 16:50:48.073970
180,206,LAYERUSDT,4h,STRONG_BUY,0.7621601,1740563455,2025-02-26 16:50:55.394377,2025-02-26 16:50:55.394377
181,207,ETHUSDT,4h,SELL,2487.2779127,1740563470,2025-02-26 16:51:10.302913,2025-02-26 16:51:10.302913
182,208,QNTUSDT,4h,STRONG_BUY,109.83235379,1740563482,2025-02-26 16:51:22.126876,2025-02-26 16:51:22.126876
183,209,ACHUSDT,4h,STRONG_BUY,0.033772,1740563527,2025-02-26 16:52:07.997472,2025-02-26 16:52:07.997472
184,210,ACTUSDT,4h,STRONG_BUY,0.21647168,1740563551,2025-02-26 16:52:31.987435,2025-02-26 16:52:31.987435
185,211,1000CHEEMSUSDT,4h,STRONG_SELL,0.00089099,1740571201,2025-02-26 19:00:01.953554,2025-02-26 19:00:01.953554
186,212,CKBUSDT,4h,STRONG_SELL,0.00574484,1740571218,2025-02-26 19:00:18.439186,2025-02-26 19:00:18.439186
187,213,BNTUSDT,4h,STRONG_SELL,0.46495,1740571230,2025-02-26 19:00:30.497026,2025-02-26 19:00:30.497026
188,214,AVAUSDT,4h,STRONG_SELL,0.5749,1740571234,2025-02-26 19:00:34.641790,2025-02-26 19:00:34.641790
189,215,BTCUSDT,4h,STRONG_SELL,88624.9,1740571237,2025-02-26 19:00:37.856226,2025-02-26 19:00:37.856226
190,216,PENDLEUSDT,4h,STRONG_SELL,2.8671,1740571245,2025-02-26 19:00:45.260251,2025-02-26 19:00:45.260251
191,217,CTSIUSDT,4h,STRONG_SELL,0.08897203,1740571250,2025-02-26 19:00:50.131880,2025-02-26 19:00:50.131880
192,218,SCRUSDT,4h,STRONG_SELL,0.5679345,1740571254,2025-02-26 19:00:54.637105,2025-02-26 19:00:54.637105
193,219,SOLUSDT,4h,STRONG_SELL,137.93032477,1740571257,2025-02-26 19:00:57.373602,2025-02-26 19:00:57.373602
194,220,COOKIEUSDT,4h,STRONG_SELL,0.18215381,1740571274,2025-02-26 19:01:14.647126,2025-02-26 19:01:14.647126
195,221,CATIUSDT,4h,STRONG_SELL,0.14324587,1740571278,2025-02-26 19:01:18.490756,2025-02-26 19:01:18.490756
196,222,MDTUSDT,4h,STRONG_SELL,0.02860483,1740571286,2025-02-26 19:01:26.172969,2025-02-26 19:01:26.172969
197,223,ACTUSDT,4h,STRONG_BUY,0.21606914,1740571317,2025-02-26 19:01:57.240975,2025-02-26 19:01:57.240975
198,224,KAITOUSDT,4h,STRONG_BUY,1.98900104,1740571321,2025-02-26 19:02:01.525543,2025-02-26 19:02:01.525543
199,225,ETHUSDT,4h,SELL,2462.81,1740571322,2025-02-26 19:02:02.144401,2025-02-26 19:02:02.144401
200,226,LUMIAUSDT,4h,STRONG_SELL,0.403,1740571333,2025-02-26 19:02:13.304166,2025-02-26 19:02:13.304166
201,227,RDNTUSDT,4h,STRONG_SELL,0.02903154,1740571339,2025-02-26 19:02:19.118378,2025-02-26 19:02:19.118378
202,228,TRXUSDT,4h,STRONG_SELL,0.2288,1740571341,2025-02-26 19:02:21.608427,2025-02-26 19:02:21.608427
203,229,FETUSDT,4h,STRONG_SELL,0.65524903,1740571376,2025-02-26 19:02:56.971169,2025-02-26 19:02:56.971169
204,230,WAXPUSDT,4h,STRONG_SELL,0.02949,1740571393,2025-02-26 19:03:13.601062,2025-02-26 19:03:13.601062
205,231,TUSDT,4h,STRONG_SELL,0.01905,1740571394,2025-02-26 19:03:14.988250,2025-02-26 19:03:14.988250
206,232,ETHFIUSDT,4h,STRONG_SELL,0.94356638,1740571420,2025-02-26 19:03:40.766274,2025-02-26 19:03:40.766274
207,233,INJUSDT,4h,STRONG_SELL,13.443,1740571427,2025-02-26 19:03:47.176719,2025-02-26 19:03:47.176719
208,234,CHRUSDT,4h,STRONG_SELL,0.1194,1740571431,2025-02-26 19:03:51.439644,2025-02-26 19:03:51.439644
209,235,1000SATSUSDT,4h,STRONG_BUY,0.0001314,1740571435,2025-02-26 19:03:55.784765,2025-02-26 19:03:55.784765
210,236,LDOUSDT,4h,STRONG_SELL,1.3647,1740571443,2025-02-26 19:04:03.458009,2025-02-26 19:04:03.458009
211,237,COSUSDT,1h,STRONG_SELL,0.004419,1740574948,2025-02-26 20:02:28.580509,2025-02-26 20:02:28.580509
212,238,VANRYUSDT,1h,STRONG_SELL,0.03836,1740574953,2025-02-26 20:02:33.852816,2025-02-26 20:02:33.852816
213,239,MOVRUSDT,1h,STRONG_SELL,7.13572142,1740574954,2025-02-26 20:02:34.386001,2025-02-26 20:02:34.386001
214,240,ATAUSDT,1h,STRONG_SELL,0.058448,1740574955,2025-02-26 20:02:35.644336,2025-02-26 20:02:35.644336
215,241,IOSTUSDT,1h,STRONG_SELL,0.004569,1740574956,2025-02-26 20:02:36.174955,2025-02-26 20:02:36.174955
216,242,BEAMXUSDT,1h,STRONG_SELL,0.008077,1740574958,2025-02-26 20:02:38.495016,2025-02-26 20:02:38.495016
217,243,PIXELUSDT,1h,STRONG_SELL,0.05309219,1740574959,2025-02-26 20:02:39.036639,2025-02-26 20:02:39.036639
218,244,EDUUSDT,1h,STRONG_SELL,0.22736012,1740574959,2025-02-26 20:02:39.581897,2025-02-26 20:02:39.581897
219,245,HOTUSDT,1h,STRONG_SELL,0.0013798,1740574960,2025-02-26 20:02:40.225662,2025-02-26 20:02:40.225662
220,246,USTCUSDT,1h,STRONG_SELL,0.014617,1740574965,2025-02-26 20:02:45.612772,2025-02-26 20:02:45.612772
221,247,STPTUSDT,1h,STRONG_BUY,0.1146547,1740574966,2025-02-26 20:02:46.530367,2025-02-26 20:02:46.530367
222,248,LOKAUSDT,1h,STRONG_SELL,0.1216,1740574968,2025-02-26 20:02:48.358461,2025-02-26 20:02:48.358461
223,249,ALPHAUSDT,1h,STRONG_SELL,0.04338612,1740574970,2025-02-26 20:02:50.747766,2025-02-26 20:02:50.747766
224,250,GTCUSDT,1h,STRONG_SELL,0.42052414,1740574972,2025-02-26 20:02:52.117903,2025-02-26 20:02:52.117903
225,251,IOUSDT,1h,STRONG_SELL,1.1761,1740574974,2025-02-26 20:02:54.344445,2025-02-26 20:02:54.344445
226,252,PHAUSDT,1h,STRONG_SELL,0.1433596,1740574974,2025-02-26 20:02:54.855563,2025-02-26 20:02:54.855563
227,253,NKNUSDT,1h,STRONG_SELL,0.05275505,1740574976,2025-02-26 20:02:56.802104,2025-02-26 20:02:56.802104
228,254,OXTUSDT,1h,STRONG_SELL,0.08537,1740574982,2025-02-26 20:03:02.872073,2025-02-26 20:03:02.872073
229,255,XTZUSDT,1h,STRONG_SELL,0.76813967,1740574983,2025-02-26 20:03:03.526193,2025-02-26 20:03:03.526193
230,256,DFUSDT,1h,STRONG_BUY,0.08323258,1740574992,2025-02-26 20:03:12.408322,2025-02-26 20:03:12.408322
231,257,VOXELUSDT,1h,STRONG_SELL,0.09516628,1740574995,2025-02-26 20:03:15.068904,2025-02-26 20:03:15.068904
232,258,SUNUSDT,1h,STRONG_SELL,0.01725487,1740574996,2025-02-26 20:03:16.573590,2025-02-26 20:03:16.573590
233,259,ARBUSDT,1h,STRONG_SELL,0.41511896,1740574998,2025-02-26 20:03:18.110018,2025-02-26 20:03:18.110018
234,260,PYTHUSDT,1h,STRONG_SELL,0.20382,1740574999,2025-02-26 20:03:19.063982,2025-02-26 20:03:19.063982
235,261,BAKEUSDT,1h,STRONG_SELL,0.17950693,1740574999,2025-02-26 20:03:19.682399,2025-02-26 20:03:19.682399
236,262,NEOUSDT,1h,STRONG_SELL,9.43818179,1740575000,2025-02-26 20:03:20.438617,2025-02-26 20:03:20.438617
237,263,JTOUSDT,1h,STRONG_SELL,2.55359082,1740575000,2025-02-26 20:03:20.973641,2025-02-26 20:03:20.973641
238,264,POLYXUSDT,1h,STRONG_SELL,0.15816,1740575002,2025-02-26 20:03:22.878809,2025-02-26 20:03:22.878809
239,265,SFPUSDT,1h,STRONG_SELL,0.61864395,1740575005,2025-02-26 20:03:25.824309,2025-02-26 20:03:25.824309
240,266,MAVUSDT,1h,STRONG_SELL,0.07807784,1740575007,2025-02-26 20:03:27.059125,2025-02-26 20:03:27.059125
241,267,MBOXUSDT,1h,STRONG_SELL,0.11227577,1740575008,2025-02-26 20:03:28.099053,2025-02-26 20:03:28.099053
242,268,HIFIUSDT,1h,STRONG_SELL,0.3925,1740575009,2025-02-26 20:03:29.540122,2025-02-26 20:03:29.540122
243,269,IDUSDT,1h,STRONG_SELL,0.26546811,1740575013,2025-02-26 20:03:33.148194,2025-02-26 20:03:33.148194
244,270,HOOKUSDT,1h,STRONG_SELL,0.1802,1740575017,2025-02-26 20:03:37.358086,2025-02-26 20:03:37.358086
245,271,NFPUSDT,1h,STRONG_SELL,0.1098539,1740575018,2025-02-26 20:03:38.409830,2025-02-26 20:03:38.409830
246,272,ZILUSDT,1h,STRONG_SELL,0.01315295,1740575020,2025-02-26 20:03:40.549115,2025-02-26 20:03:40.549115
247,273,OGNUSDT,1h,STRONG_SELL,0.07101648,1740575021,2025-02-26 20:03:41.541922,2025-02-26 20:03:41.541922
248,274,BATUSDT,1h,STRONG_SELL,0.1628,1740575025,2025-02-26 20:03:45.167864,2025-02-26 20:03:45.167864
249,275,RONINUSDT,1h,STRONG_SELL,1.0217,1740575026,2025-02-26 20:03:46.528914,2025-02-26 20:03:46.528914
250,276,MTLUSDT,1h,STRONG_SELL,0.86921471,1740575027,2025-02-26 20:03:47.225873,2025-02-26 20:03:47.225873
251,277,ONGUSDT,1h,STRONG_SELL,0.24265807,1740575028,2025-02-26 20:03:48.681140,2025-02-26 20:03:48.681140
252,278,FLMUSDT,1h,STRONG_SELL,0.03626552,1740575029,2025-02-26 20:03:49.828173,2025-02-26 20:03:49.828173
253,279,MAGICUSDT,1h,STRONG_SELL,0.20859576,1740575033,2025-02-26 20:03:53.466243,2025-02-26 20:03:53.466243
254,280,PORTALUSDT,1h,STRONG_SELL,0.1235,1740575036,2025-02-26 20:03:56.384480,2025-02-26 20:03:56.384480
255,281,BIOUSDT,1h,STRONG_SELL,0.1071,1740575036,2025-02-26 20:03:56.991003,2025-02-26 20:03:56.991003
256,282,SXPUSDT,1h,STRONG_SELL,0.21861877,1740575038,2025-02-26 20:03:58.008885,2025-02-26 20:03:58.008885
257,283,YGGUSDT,1h,STRONG_SELL,0.2223,1740575038,2025-02-26 20:03:58.613726,2025-02-26 20:03:58.613726
258,284,IDEXUSDT,1h,STRONG_SELL,0.03279343,1740575040,2025-02-26 20:04:00.518929,2025-02-26 20:04:00.518929
259,285,GMTUSDT,1h,STRONG_SELL,0.05932184,1740575041,2025-02-26 20:04:01.104378,2025-02-26 20:04:01.104378
260,286,WUSDT,1h,STRONG_SELL,0.13536264,1740575042,2025-02-26 20:04:02.380258,2025-02-26 20:04:02.380258
261,287,RDNTUSDT,1h,STRONG_SELL,0.02835297,1740575042,2025-02-26 20:04:02.980766,2025-02-26 20:04:02.980766
262,288,ETHUSDT,1h,SELL,2428.7,1740575045,2025-02-26 20:04:05.643955,2025-02-26 20:04:05.643955
263,289,CHRUSDT,1h,STRONG_SELL,0.11800207,1740575049,2025-02-26 20:04:09.438069,2025-02-26 20:04:09.438069
264,290,PHBUSDT,1h,STRONG_SELL,0.7727,1740575050,2025-02-26 20:04:10.040521,2025-02-26 20:04:10.040521
265,291,XVSUSDT,1h,STRONG_SELL,7.712,1740575053,2025-02-26 20:04:13.552707,2025-02-26 20:04:13.552707
266,292,XAIUSDT,1h,STRONG_SELL,0.08503798,1740575056,2025-02-26 20:04:16.981904,2025-02-26 20:04:16.981904
267,293,OMNIUSDT,1h,STRONG_SELL,4.401,1740575057,2025-02-26 20:04:17.582198,2025-02-26 20:04:17.582198
268,294,TUSDT,1h,STRONG_SELL,0.01888278,1740575059,2025-02-26 20:04:19.057244,2025-02-26 20:04:19.057244
269,295,DOGEUSDT,1h,STRONG_SELL,0.20601,1740575060,2025-02-26 20:04:20.854745,2025-02-26 20:04:20.854745
270,296,AIUSDT,1h,STRONG_SELL,0.23390958,1740575061,2025-02-26 20:04:21.528043,2025-02-26 20:04:21.528043
271,297,CAKEUSDT,1h,STRONG_SELL,2.155,1740575068,2025-02-26 20:04:28.781618,2025-02-26 20:04:28.781618
272,298,BNBUSDT,1h,STRONG_SELL,618.13974515,1740575072,2025-02-26 20:04:32.351396,2025-02-26 20:04:32.351396
273,299,CELRUSDT,1h,STRONG_SELL,0.01178182,1740575072,2025-02-26 20:04:32.929285,2025-02-26 20:04:32.929285
274,300,1MBABYDOGEUSDT,1h,STRONG_SELL,0.00145737,1740575074,2025-02-26 20:04:34.621778,2025-02-26 20:04:34.621778
275,301,CTSIUSDT,1h,STRONG_SELL,0.08761403,1740575075,2025-02-26 20:04:35.195807,2025-02-26 20:04:35.195807
276,302,SUSDT,1h,STRONG_SELL,0.71596647,1740575076,2025-02-26 20:04:36.238687,2025-02-26 20:04:36.238687
277,303,MDTUSDT,1h,STRONG_SELL,0.02816507,1740575076,2025-02-26 20:04:36.826369,2025-02-26 20:04:36.826369
278,304,OMUSDT,1h,STRONG_SELL,7.4626,1740575078,2025-02-26 20:04:38.371668,2025-02-26 20:04:38.371668
279,305,RVNUSDT,1h,STRONG_SELL,0.01335375,1740575078,2025-02-26 20:04:38.977298,2025-02-26 20:04:38.977298
280,306,FXSUSDT,1h,STRONG_SELL,1.5002,1740575079,2025-02-26 20:04:39.558714,2025-02-26 20:04:39.558714
281,307,XVGUSDT,1h,STRONG_SELL,0.0055167,1740575080,2025-02-26 20:04:40.699602,2025-02-26 20:04:40.699602
282,308,FLOWUSDT,1h,STRONG_SELL,0.46732838,1740575082,2025-02-26 20:04:42.304862,2025-02-26 20:04:42.304862
283,309,AXLUSDT,1h,STRONG_SELL,0.42722863,1740575082,2025-02-26 20:04:42.880100,2025-02-26 20:04:42.880100
284,310,FIDAUSDT,1h,STRONG_SELL,0.11320385,1740575086,2025-02-26 20:04:46.139207,2025-02-26 20:04:46.139207
285,311,CELOUSDT,1h,STRONG_SELL,0.382,1740575088,2025-02-26 20:04:48.827466,2025-02-26 20:04:48.827466
286,312,AVAUSDT,1h,STRONG_SELL,0.5640336,1740575089,2025-02-26 20:04:49.962956,2025-02-26 20:04:49.962956
287,313,AVAXUSDT,1h,STRONG_SELL,21.68930284,1740575090,2025-02-26 20:04:50.979071,2025-02-26 20:04:50.979071
288,314,API3USDT,1h,STRONG_SELL,0.7406,1740575094,2025-02-26 20:04:54.785435,2025-02-26 20:04:54.785435
289,315,ENAUSDT,1h,STRONG_SELL,0.39646321,1740575095,2025-02-26 20:04:55.492195,2025-02-26 20:04:55.492195
290,316,ADAUSDT,1h,STRONG_SELL,0.6657,1740575096,2025-02-26 20:04:56.176960,2025-02-26 20:04:56.176960
291,317,SCUSDT,1h,STRONG_SELL,0.00368174,1740575096,2025-02-26 20:04:56.789646,2025-02-26 20:04:56.789646
292,318,VETUSDT,1h,STRONG_SELL,0.028126,1740575097,2025-02-26 20:04:57.484596,2025-02-26 20:04:57.484596
293,319,STRAXUSDT,1h,STRONG_SELL,0.04755448,1740575098,2025-02-26 20:04:58.111368,2025-02-26 20:04:58.111368
294,320,ALTUSDT,1h,STRONG_SELL,0.03982266,1740575104,2025-02-26 20:05:04.372570,2025-02-26 20:05:04.372570
295,321,BTCUSDT,1h,SELL,87742.7,1740575108,2025-02-26 20:05:08.624347,2025-02-26 20:05:08.624347
296,322,ALPACAUSDT,1h,STRONG_SELL,0.11522197,1740575109,2025-02-26 20:05:09.666099,2025-02-26 20:05:09.666099
297,323,SLPUSDT,1h,STRONG_SELL,0.00210814,1740575115,2025-02-26 20:05:15.703486,2025-02-26 20:05:15.703486
298,324,BLURUSDT,1h,STRONG_SELL,0.12862697,1740575116,2025-02-26 20:05:16.389473,2025-02-26 20:05:16.389473
299,325,SPELLUSDT,1h,STRONG_SELL,0.00075402,1740575117,2025-02-26 20:05:17.492874,2025-02-26 20:05:17.492874
300,326,VTHOUSDT,1h,STRONG_SELL,0.00294047,1740575123,2025-02-26 20:05:23.112571,2025-02-26 20:05:23.112571
301,327,STORJUSDT,1h,STRONG_SELL,0.33340375,1740575124,2025-02-26 20:05:24.360759,2025-02-26 20:05:24.360759
302,328,ONTUSDT,1h,STRONG_SELL,0.16585682,1740575125,2025-02-26 20:05:25.326629,2025-02-26 20:05:25.326629
303,329,FETUSDT,1h,STRONG_SELL,0.64698703,1740575127,2025-02-26 20:05:27.311092,2025-02-26 20:05:27.311092
304,330,CKBUSDT,1h,STRONG_SELL,0.00565464,1740575128,2025-02-26 20:05:28.263864,2025-02-26 20:05:28.263864
305,331,MEMEUSDT,1h,STRONG_SELL,0.0036311,1740575130,2025-02-26 20:05:30.428723,2025-02-26 20:05:30.428723
306,332,LEVERUSDT,1h,STRONG_SELL,0.0012033,1740575131,2025-02-26 20:05:31.909753,2025-02-26 20:05:31.909753
307,333,WLDUSDT,1h,STRONG_SELL,1.0671,1740575133,2025-02-26 20:05:33.886717,2025-02-26 20:05:33.886717
308,334,ZRXUSDT,1h,STRONG_SELL,0.288,1740575137,2025-02-26 20:05:37.474398,2025-02-26 20:05:37.474398
309,335,XRPUSDT,1h,STRONG_SELL,2.2356,1740575139,2025-02-26 20:05:39.389706,2025-02-26 20:05:39.389706
310,336,ICXUSDT,1h,STRONG_SELL,0.11852496,1740575142,2025-02-26 20:05:42.814129,2025-02-26 20:05:42.814129
311,337,NMRUSDT,1h,STRONG_SELL,10.256,1740575143,2025-02-26 20:05:43.486009,2025-02-26 20:05:43.486009
312,338,GALAUSDT,1h,STRONG_SELL,0.01944,1740575144,2025-02-26 20:05:44.962711,2025-02-26 20:05:44.962711
313,339,HIGHUSDT,1h,STRONG_SELL,0.86614126,1740575147,2025-02-26 20:05:47.491926,2025-02-26 20:05:47.491926
314,340,C98USDT,1h,STRONG_SELL,0.0815,1740575148,2025-02-26 20:05:48.366392,2025-02-26 20:05:48.366392
315,341,GUSDT,1h,STRONG_BUY,0.02025731,1740575149,2025-02-26 20:05:49.548633,2025-02-26 20:05:49.548633
316,342,CTKUSDT,1h,STRONG_SELL,0.42378467,1740575151,2025-02-26 20:05:51.194303,2025-02-26 20:05:51.194303
317,343,COTIUSDT,1h,STRONG_SELL,0.07325483,1740575152,2025-02-26 20:05:52.602914,2025-02-26 20:05:52.602914
318,344,HIVEUSDT,1h,STRONG_SELL,0.28375032,1740575154,2025-02-26 20:05:54.582736,2025-02-26 20:05:54.582736
319,345,LSKUSDT,1h,STRONG_SELL,0.66997421,1740575155,2025-02-26 20:05:55.150320,2025-02-26 20:05:55.150320
320,346,STEEMUSDT,1h,STRONG_SELL,0.15073668,1740575156,2025-02-26 20:05:56.106806,2025-02-26 20:05:56.106806
321,347,AERGOUSDT,1h,STRONG_SELL,0.0849148,1740575157,2025-02-26 20:05:57.416105,2025-02-26 20:05:57.416105
322,348,VELODROMEUSDT,1h,STRONG_SELL,0.06158931,1740578402,2025-02-26 21:00:02.855501,2025-02-26 21:00:02.855501
323,349,AVAUSDT,1h,STRONG_SELL,0.5627,1740578404,2025-02-26 21:00:04.563458,2025-02-26 21:00:04.563458
324,350,TRBUSDT,1h,STRONG_SELL,33.36510274,1740578407,2025-02-26 21:00:07.982851,2025-02-26 21:00:07.982851
325,351,PHBUSDT,1h,STRONG_SELL,0.77357604,1740578409,2025-02-26 21:00:09.714532,2025-02-26 21:00:09.714532
326,352,STRAXUSDT,1h,STRONG_SELL,0.04730689,1740578410,2025-02-26 21:00:10.562175,2025-02-26 21:00:10.562175
327,353,CVXUSDT,1h,STRONG_SELL,2.31137932,1740578411,2025-02-26 21:00:11.296132,2025-02-26 21:00:11.296132
328,354,RDNTUSDT,1h,STRONG_SELL,0.02839954,1740578414,2025-02-26 21:00:14.981374,2025-02-26 21:00:14.981374
329,355,ALTUSDT,1h,STRONG_SELL,0.03986257,1740578417,2025-02-26 21:00:17.801677,2025-02-26 21:00:17.801677
330,356,RLCUSDT,1h,STRONG_SELL,1.1557,1740578425,2025-02-26 21:00:25.959323,2025-02-26 21:00:25.959323
331,357,XAIUSDT,1h,STRONG_SELL,0.08511,1740578427,2025-02-26 21:00:27.918904,2025-02-26 21:00:27.918904
332,358,LUMIAUSDT,1h,STRONG_SELL,0.397,1740578428,2025-02-26 21:00:28.993629,2025-02-26 21:00:28.993629
333,359,PHAUSDT,1h,STRONG_SELL,0.14254962,1740578436,2025-02-26 21:00:36.549086,2025-02-26 21:00:36.549086
334,360,PERPUSDT,1h,STRONG_SELL,0.42526002,1740578437,2025-02-26 21:00:37.176596,2025-02-26 21:00:37.176596
335,361,QNTUSDT,1h,STRONG_BUY,107.63059052,1740578445,2025-02-26 21:00:45.143445,2025-02-26 21:00:45.143445
336,362,IDUSDT,1h,STRONG_SELL,0.26631695,1740578448,2025-02-26 21:00:48.196388,2025-02-26 21:00:48.196388
337,363,GRTUSDT,1h,STRONG_SELL,0.11930739,1740578448,2025-02-26 21:00:48.804260,2025-02-26 21:00:48.804260
338,364,BTCUSDT,1h,STRONG_SELL,87012.6,1740578452,2025-02-26 21:00:52.558900,2025-02-26 21:00:52.558900
339,365,METISUSDT,1h,STRONG_SELL,23.9448723,1740578459,2025-02-26 21:00:59.647734,2025-02-26 21:00:59.647734
340,366,LOKAUSDT,1h,STRONG_SELL,0.12110207,1740578475,2025-02-26 21:01:15.030630,2025-02-26 21:01:15.030630
341,367,RONINUSDT,1h,STRONG_SELL,1.01088369,1740578476,2025-02-26 21:01:16.608053,2025-02-26 21:01:16.608053
342,368,ILVUSDT,1h,STRONG_SELL,16.52664887,1740578478,2025-02-26 21:01:18.342887,2025-02-26 21:01:18.342887
343,369,ALPHAUSDT,1h,STRONG_SELL,0.04294011,1740578480,2025-02-26 21:01:20.061126,2025-02-26 21:01:20.061126
344,370,ARBUSDT,1h,STRONG_SELL,0.41239525,1740578482,2025-02-26 21:01:22.025735,2025-02-26 21:01:22.025735
345,371,CELOUSDT,1h,STRONG_SELL,0.38,1740578486,2025-02-26 21:01:26.252846,2025-02-26 21:01:26.252846
346,372,GMXUSDT,1h,STRONG_SELL,18.021,1740578496,2025-02-26 21:01:36.466262,2025-02-26 21:01:36.466262
347,373,NEOUSDT,1h,STRONG_SELL,9.37227962,1740578498,2025-02-26 21:01:38.442425,2025-02-26 21:01:38.442425
348,374,RVNUSDT,1h,STRONG_SELL,0.01324719,1740578499,2025-02-26 21:01:39.786142,2025-02-26 21:01:39.786142
349,375,LISTAUSDT,1h,STRONG_SELL,0.22322054,1740578500,2025-02-26 21:01:40.971161,2025-02-26 21:01:40.971161
350,376,1INCHUSDT,1h,STRONG_SELL,0.24873867,1740578502,2025-02-26 21:01:42.571504,2025-02-26 21:01:42.571504
351,377,SNXUSDT,1h,STRONG_SELL,0.863,1740578504,2025-02-26 21:01:44.270078,2025-02-26 21:01:44.270078
352,378,MTLUSDT,1h,STRONG_SELL,0.86127602,1740578506,2025-02-26 21:01:46.621558,2025-02-26 21:01:46.621558
353,379,WUSDT,1h,STRONG_SELL,0.13435,1740578507,2025-02-26 21:01:47.404153,2025-02-26 21:01:47.404153
354,380,NULSUSDT,1h,STRONG_SELL,0.23458811,1740578508,2025-02-26 21:01:48.054971,2025-02-26 21:01:48.054971
355,381,ZKUSDT,1h,STRONG_SELL,0.09683616,1740578510,2025-02-26 21:01:50.804550,2025-02-26 21:01:50.804550
356,382,LEVERUSDT,1h,STRONG_SELL,0.00119306,1740578512,2025-02-26 21:01:52.582079,2025-02-26 21:01:52.582079
357,383,ETCUSDT,1h,STRONG_SELL,18.61669349,1740578513,2025-02-26 21:01:53.789784,2025-02-26 21:01:53.789784
358,384,AIUSDT,1h,STRONG_SELL,0.23181291,1740578516,2025-02-26 21:01:56.017546,2025-02-26 21:01:56.017546
359,385,COMPUSDT,1h,STRONG_SELL,50.51569513,1740578517,2025-02-26 21:01:57.157047,2025-02-26 21:01:57.157047
360,386,BICOUSDT,1h,STRONG_SELL,0.1543,1740578518,2025-02-26 21:01:58.728745,2025-02-26 21:01:58.728745
361,387,XRPUSDT,1h,STRONG_SELL,2.2125,1740578520,2025-02-26 21:02:00.465187,2025-02-26 21:02:00.465187
362,388,WAXPUSDT,1h,STRONG_SELL,0.02887,1740578523,2025-02-26 21:02:03.583116,2025-02-26 21:02:03.583116
363,389,UMAUSDT,1h,STRONG_SELL,1.45125161,1740578526,2025-02-26 21:02:06.265671,2025-02-26 21:02:06.265671
364,390,DOGEUSDT,1h,STRONG_SELL,0.20408089,1740578530,2025-02-26 21:02:10.122887,2025-02-26 21:02:10.122887
365,391,XLMUSDT,1h,STRONG_SELL,0.28691614,1740578532,2025-02-26 21:02:12.100938,2025-02-26 21:02:12.100938
366,392,RPLUSDT,1h,STRONG_SELL,6.267,1740578533,2025-02-26 21:02:13.881604,2025-02-26 21:02:13.881604
367,393,ICXUSDT,1h,STRONG_SELL,0.1176,1740578537,2025-02-26 21:02:17.161560,2025-02-26 21:02:17.161560
368,394,AXSUSDT,1h,STRONG_SELL,3.641,1740578538,2025-02-26 21:02:18.245934,2025-02-26 21:02:18.245934
369,395,FIOUSDT,1h,STRONG_SELL,0.01982,1740578539,2025-02-26 21:02:19.948952,2025-02-26 21:02:19.948952
370,396,KNCUSDT,1h,STRONG_SELL,0.3848,1740578541,2025-02-26 21:02:21.916185,2025-02-26 21:02:21.916185
371,397,CELRUSDT,1h,STRONG_SELL,0.01164,1740578544,2025-02-26 21:02:24.660143,2025-02-26 21:02:24.660143
372,398,COSUSDT,1h,STRONG_SELL,0.004381,1740578545,2025-02-26 21:02:25.409451,2025-02-26 21:02:25.409451
373,399,KDAUSDT,1h,STRONG_SELL,0.48840349,1740578546,2025-02-26 21:02:26.036493,2025-02-26 21:02:26.036493
374,400,GALAUSDT,1h,STRONG_SELL,0.01930158,1740578547,2025-02-26 21:02:27.582736,2025-02-26 21:02:27.582736
375,401,ONTUSDT,1h,STRONG_SELL,0.16468248,1740578550,2025-02-26 21:02:30.049239,2025-02-26 21:02:30.049239
376,402,VOXELUSDT,1h,STRONG_SELL,0.09467539,1740578554,2025-02-26 21:02:34.047496,2025-02-26 21:02:34.047496
377,403,NMRUSDT,1h,STRONG_SELL,10.1280356,1740578554,2025-02-26 21:02:34.665745,2025-02-26 21:02:34.665745
378,404,SLPUSDT,1h,STRONG_SELL,0.00210018,1740578555,2025-02-26 21:02:35.844593,2025-02-26 21:02:35.844593
379,405,WOOUSDT,1h,STRONG_SELL,0.10904577,1740578557,2025-02-26 21:02:37.534959,2025-02-26 21:02:37.534959
380,406,POLYXUSDT,1h,STRONG_SELL,0.15603779,1740578559,2025-02-26 21:02:39.180622,2025-02-26 21:02:39.180622
381,407,LINAUSDT,1h,STRONG_SELL,0.00222328,1740578561,2025-02-26 21:02:41.906808,2025-02-26 21:02:41.906808
382,408,ZILUSDT,1h,STRONG_SELL,0.01303077,1740578567,2025-02-26 21:02:47.519924,2025-02-26 21:02:47.519924
383,409,RSRUSDT,1h,STRONG_SELL,0.007488,1740578568,2025-02-26 21:02:48.618325,2025-02-26 21:02:48.618325
384,410,OGNUSDT,1h,STRONG_SELL,0.07019727,1740578571,2025-02-26 21:02:51.643681,2025-02-26 21:02:51.643681
385,411,ARKUSDT,1h,STRONG_SELL,0.40969753,1740578572,2025-02-26 21:02:52.653360,2025-02-26 21:02:52.653360
386,412,SKLUSDT,1h,STRONG_SELL,0.03234686,1740578576,2025-02-26 21:02:56.320073,2025-02-26 21:02:56.320073
387,413,BERAUSDT,1h,STRONG_BUY,7.22644374,1740578578,2025-02-26 21:02:58.470924,2025-02-26 21:02:58.470924
388,414,AERGOUSDT,1h,STRONG_SELL,0.08397979,1740578580,2025-02-26 21:03:00.228035,2025-02-26 21:03:00.228035
389,415,ACXUSDT,1h,STRONG_SELL,0.25886798,1740578580,2025-02-26 21:03:00.973066,2025-02-26 21:03:00.973066
390,416,XVGUSDT,1h,STRONG_SELL,0.0054883,1740578583,2025-02-26 21:03:03.094806,2025-02-26 21:03:03.094806
391,417,SPELLUSDT,1h,STRONG_SELL,0.0007534,1740578583,2025-02-26 21:03:03.760122,2025-02-26 21:03:03.760122
392,418,HOTUSDT,1h,STRONG_SELL,0.00137,1740578586,2025-02-26 21:03:06.723248,2025-02-26 21:03:06.723248
393,419,BBUSDT,1h,STRONG_SELL,0.15317113,1740578588,2025-02-26 21:03:08.547362,2025-02-26 21:03:08.547362
394,420,XTZUSDT,1h,STRONG_SELL,0.759,1740578590,2025-02-26 21:03:10.785628,2025-02-26 21:03:10.785628
395,421,DENTUSDT,1h,STRONG_SELL,0.000846,1740578591,2025-02-26 21:03:11.780025,2025-02-26 21:03:11.780025
396,422,CTSIUSDT,1h,STRONG_SELL,0.0873,1740578594,2025-02-26 21:03:14.457935,2025-02-26 21:03:14.457935
397,423,WLDUSDT,1h,STRONG_SELL,1.0564,1740578596,2025-02-26 21:03:16.919267,2025-02-26 21:03:16.919267
398,424,HIGHUSDT,1h,STRONG_SELL,0.8538,1740578597,2025-02-26 21:03:17.555683,2025-02-26 21:03:17.555683
399,425,MAVUSDT,1h,STRONG_SELL,0.07711031,1740578598,2025-02-26 21:03:18.576208,2025-02-26 21:03:18.576208
400,426,KAIAUSDT,1h,STRONG_SELL,0.12651909,1740578599,2025-02-26 21:03:19.582852,2025-02-26 21:03:19.582852
401,427,HIFIUSDT,1h,STRONG_SELL,0.3874,1740578601,2025-02-26 21:03:21.739219,2025-02-26 21:03:21.739219
402,428,CAKEUSDT,1h,STRONG_SELL,2.1334,1740578604,2025-02-26 21:03:24.400815,2025-02-26 21:03:24.400815
403,429,TONUSDT,1h,STRONG_SELL,3.4886,1740578605,2025-02-26 21:03:25.589030,2025-02-26 21:03:25.589030
404,430,TLMUSDT,1h,STRONG_SELL,0.006478,1740578607,2025-02-26 21:03:27.668848,2025-02-26 21:03:27.668848
405,431,ARUSDT,1h,STRONG_SELL,7.963,1740578609,2025-02-26 21:03:29.312843,2025-02-26 21:03:29.312843
406,432,CVCUSDT,1h,STRONG_SELL,0.11481879,1740578610,2025-02-26 21:03:30.928108,2025-02-26 21:03:30.928108
407,433,ROSEUSDT,1h,STRONG_SELL,0.0378,1740578612,2025-02-26 21:03:32.533690,2025-02-26 21:03:32.533690
408,434,GASUSDT,1h,STRONG_SELL,3.404,1740578614,2025-02-26 21:03:34.083321,2025-02-26 21:03:34.083321
409,435,TRUUSDT,1h,STRONG_SELL,0.04233949,1740578615,2025-02-26 21:03:35.843873,2025-02-26 21:03:35.843873
410,436,SAGAUSDT,1h,STRONG_SELL,0.50826067,1740578617,2025-02-26 21:03:37.938356,2025-02-26 21:03:37.938356
411,437,THETAUSDT,1h,STRONG_SELL,1.1459,1740578620,2025-02-26 21:03:40.287036,2025-02-26 21:03:40.287036
412,438,ALPACAUSDT,1h,STRONG_SELL,0.11412,1740578621,2025-02-26 21:03:41.786221,2025-02-26 21:03:41.786221
413,439,CYBERUSDT,1h,STRONG_SELL,1.468,1740578622,2025-02-26 21:03:42.500086,2025-02-26 21:03:42.500086
414,440,QTUMUSDT,1h,STRONG_SELL,2.526,1740578624,2025-02-26 21:03:44.889383,2025-02-26 21:03:44.889383
415,441,POWRUSDT,1h,STRONG_SELL,0.1905,1740578628,2025-02-26 21:03:48.194185,2025-02-26 21:03:48.194185
416,442,MOVRUSDT,1h,STRONG_SELL,7.028,1740578630,2025-02-26 21:03:50.349243,2025-02-26 21:03:50.349243
417,443,JASMYUSDT,1h,STRONG_SELL,0.01829,1740578630,2025-02-26 21:03:50.950221,2025-02-26 21:03:50.950221
418,444,COTIUSDT,1h,STRONG_SELL,0.07226,1740578633,2025-02-26 21:03:53.400267,2025-02-26 21:03:53.400267
419,445,FLOWUSDT,1h,STRONG_SELL,0.463,1740578634,2025-02-26 21:03:54.658090,2025-02-26 21:03:54.658090
420,446,SUSDT,1h,STRONG_SELL,0.7115,1740578636,2025-02-26 21:03:56.863699,2025-02-26 21:03:56.863699
421,447,PORTALUSDT,1h,STRONG_SELL,0.1226,1740578639,2025-02-26 21:03:59.468409,2025-02-26 21:03:59.468409
422,448,XVSUSDT,1h,STRONG_SELL,7.64017119,1740578640,2025-02-26 21:04:00.212153,2025-02-26 21:04:00.212153
423,449,ONGUSDT,1h,STRONG_SELL,0.24025,1740578641,2025-02-26 21:04:01.435680,2025-02-26 21:04:01.435680
424,450,ARPAUSDT,1h,STRONG_SELL,0.03393,1740578643,2025-02-26 21:04:03.174560,2025-02-26 21:04:03.174560
425,451,HBARUSDT,1h,STRONG_SELL,0.19090589,1740578645,2025-02-26 21:04:05.284390,2025-02-26 21:04:05.284390
426,452,VETUSDT,1h,STRONG_SELL,0.027637,1740578646,2025-02-26 21:04:06.874255,2025-02-26 21:04:06.874255
427,453,FETUSDT,1h,STRONG_SELL,0.63934483,1740578649,2025-02-26 21:04:09.304620,2025-02-26 21:04:09.304620
428,454,ENSUSDT,1h,STRONG_SELL,21.991,1740578650,2025-02-26 21:04:10.445054,2025-02-26 21:04:10.445054
429,455,PENDLEUSDT,1h,STRONG_SELL,2.7826,1740578652,2025-02-26 21:04:12.545481,2025-02-26 21:04:12.545481
430,456,BATUSDT,1h,STRONG_SELL,0.1611,1740578654,2025-02-26 21:04:14.441486,2025-02-26 21:04:14.441486
431,457,ETHUSDT,1h,STRONG_SELL,2395.71,1740578655,2025-02-26 21:04:15.154499,2025-02-26 21:04:15.154499
432,458,ATAUSDT,1h,STRONG_SELL,0.0580884,1740578658,2025-02-26 21:04:18.168901,2025-02-26 21:04:18.168901
433,459,IDEXUSDT,1h,STRONG_SELL,0.03234367,1740578658,2025-02-26 21:04:18.827334,2025-02-26 21:04:18.827334
434,460,DYDXUSDT,1h,STRONG_SELL,0.6778358,1740578660,2025-02-26 21:04:20.030758,2025-02-26 21:04:20.030758
435,461,IOTAUSDT,1h,STRONG_SELL,0.1984537,1740578662,2025-02-26 21:04:22.778209,2025-02-26 21:04:22.778209
436,462,RIFUSDT,1h,STRONG_SELL,0.04820488,1740578664,2025-02-26 21:04:24.320336,2025-02-26 21:04:24.320336
437,463,SUPERUSDT,1h,STRONG_SELL,0.5763,1740578669,2025-02-26 21:04:29.008794,2025-02-26 21:04:29.008794
438,464,MDTUSDT,1h,STRONG_SELL,0.0278282,1740578671,2025-02-26 21:04:31.192967,2025-02-26 21:04:31.192967
439,465,CETUSUSDT,1h,STRONG_SELL,0.11727549,1740578672,2025-02-26 21:04:32.664821,2025-02-26 21:04:32.664821
440,466,BLURUSDT,1h,STRONG_SELL,0.12818211,1740578674,2025-02-26 21:04:34.339724,2025-02-26 21:04:34.339724
441,467,APTUSDT,1h,STRONG_SELL,5.55221714,1740578675,2025-02-26 21:04:35.493474,2025-02-26 21:04:35.493474
442,468,CKBUSDT,1h,STRONG_SELL,0.005625,1740578676,2025-02-26 21:04:36.991731,2025-02-26 21:04:36.991731
443,469,STXUSDT,1h,STRONG_SELL,0.7733,1740578677,2025-02-26 21:04:37.707566,2025-02-26 21:04:37.707566
444,470,SANDUSDT,1h,STRONG_SELL,0.30204,1740578680,2025-02-26 21:04:40.538272,2025-02-26 21:04:40.538272
445,471,QUICKUSDT,1h,STRONG_SELL,0.02398072,1740578682,2025-02-26 21:04:42.438973,2025-02-26 21:04:42.438973
446,472,MANAUSDT,1h,STRONG_SELL,0.28132023,1740578684,2025-02-26 21:04:44.193388,2025-02-26 21:04:44.193388
447,473,MBOXUSDT,1h,STRONG_SELL,0.11118894,1740578686,2025-02-26 21:04:46.045292,2025-02-26 21:04:46.045292
448,474,STGUSDT,1h,STRONG_SELL,0.2431275,1740578686,2025-02-26 21:04:46.646870,2025-02-26 21:04:46.646870
449,475,CTKUSDT,1h,STRONG_SELL,0.41907197,1740578688,2025-02-26 21:04:48.162810,2025-02-26 21:04:48.162810
450,476,REIUSDT,1h,STRONG_SELL,0.03201912,1740578690,2025-02-26 21:04:50.220103,2025-02-26 21:04:50.220103
451,477,EGLDUSDT,1h,STRONG_SELL,20.86934315,1740578694,2025-02-26 21:04:54.404327,2025-02-26 21:04:54.404327
452,478,POLUSDT,1h,STRONG_SELL,0.2697,1740578696,2025-02-26 21:04:56.310098,2025-02-26 21:04:56.310098
453,479,API3USDT,1h,STRONG_SELL,0.7361,1740578698,2025-02-26 21:04:58.809162,2025-02-26 21:04:58.809162
454,480,SFPUSDT,1h,STRONG_SELL,0.6153,1740578699,2025-02-26 21:04:59.996342,2025-02-26 21:04:59.996342
455,481,LSKUSDT,1h,STRONG_SELL,0.6625,1740578700,2025-02-26 21:05:00.714902,2025-02-26 21:05:00.714902
456,482,PIXELUSDT,1h,STRONG_SELL,0.05250426,1740578706,2025-02-26 21:05:06.151434,2025-02-26 21:05:06.151434
457,483,OXTUSDT,1h,STRONG_SELL,0.08465,1740578706,2025-02-26 21:05:06.848101,2025-02-26 21:05:06.848101
458,484,INJUSDT,1h,STRONG_SELL,12.96122678,1740578711,2025-02-26 21:05:11.470259,2025-02-26 21:05:11.470259
459,485,EDUUSDT,1h,STRONG_SELL,0.22597948,1740578712,2025-02-26 21:05:12.999398,2025-02-26 21:05:12.999398
460,486,SYSUSDT,1h,STRONG_SELL,0.05922,1740578715,2025-02-26 21:05:15.259638,2025-02-26 21:05:15.259638
461,487,CHRUSDT,1h,STRONG_SELL,0.11691068,1740578716,2025-02-26 21:05:16.976589,2025-02-26 21:05:16.976589
462,488,OMNIUSDT,1h,STRONG_SELL,4.34977413,1740578717,2025-02-26 21:05:17.977972,2025-02-26 21:05:17.977972
463,489,HIVEUSDT,1h,STRONG_SELL,0.28229,1740578718,2025-02-26 21:05:18.780915,2025-02-26 21:05:18.780915
464,490,GTCUSDT,1h,STRONG_SELL,0.41524727,1740578719,2025-02-26 21:05:19.404384,2025-02-26 21:05:19.404384
465,491,IOSTUSDT,1h,STRONG_SELL,0.00452916,1740578720,2025-02-26 21:05:20.049447,2025-02-26 21:05:20.049447
466,492,SCUSDT,1h,STRONG_SELL,0.00366941,1740578720,2025-02-26 21:05:20.785955,2025-02-26 21:05:20.785955
467,493,ADAUSDT,1h,STRONG_SELL,0.65991785,1740578721,2025-02-26 21:05:21.954991,2025-02-26 21:05:21.954991
468,494,BANANAUSDT,1h,STRONG_SELL,17.78224423,1740578723,2025-02-26 21:05:23.276182,2025-02-26 21:05:23.276182
469,495,VANRYUSDT,1h,STRONG_SELL,0.03795326,1740578724,2025-02-26 21:05:24.905102,2025-02-26 21:05:24.905102
470,496,C98USDT,1h,STRONG_SELL,0.0813,1740578729,2025-02-26 21:05:29.152438,2025-02-26 21:05:29.152438
471,497,ONEUSDT,1h,STRONG_SELL,0.01396646,1740578730,2025-02-26 21:05:30.410530,2025-02-26 21:05:30.410530
472,498,FIDAUSDT,1h,STRONG_SELL,0.11236539,1740578732,2025-02-26 21:05:32.823392,2025-02-26 21:05:32.823392
473,499,ANKRUSDT,1h,STRONG_SELL,0.02036719,1740578733,2025-02-26 21:05:33.546260,2025-02-26 21:05:33.546260
474,500,MANTAUSDT,1h,STRONG_SELL,0.34423234,1740578735,2025-02-26 21:05:35.614383,2025-02-26 21:05:35.614383
475,501,ETHFIUSDT,1h,STRONG_SELL,0.91037027,1740578737,2025-02-26 21:05:37.277753,2025-02-26 21:05:37.277753
476,502,ETHUSDT,1h,SELL,2434.2,1740582004,2025-02-26 22:00:04.729031,2025-02-26 22:00:04.729031
477,503,QNTUSDT,1h,STRONG_BUY,109.14774316,1740582026,2025-02-26 22:00:26.116058,2025-02-26 22:00:26.116058
478,504,PNUTUSDT,1h,STRONG_BUY,0.19096182,1740582104,2025-02-26 22:01:44.386594,2025-02-26 22:01:44.386594
479,505,SOLVUSDT,1h,STRONG_BUY,0.0367,1740582118,2025-02-26 22:01:58.350313,2025-02-26 22:01:58.350313
480,506,DEGOUSDT,1h,STRONG_BUY,1.5702,1740582134,2025-02-26 22:02:14.845993,2025-02-26 22:02:14.845993
481,507,AIXBTUSDT,1h,STRONG_BUY,0.20382877,1740582137,2025-02-26 22:02:17.582700,2025-02-26 22:02:17.582700
482,508,BTCUSDT,1h,SELL,87679.5636963,1740582155,2025-02-26 22:02:35.785759,2025-02-26 22:02:35.785759
483,509,NEIROUSDT,1h,STRONG_BUY,0.00037996,1740582159,2025-02-26 22:02:39.376120,2025-02-26 22:02:39.376120
484,510,KAITOUSDT,1h,STRONG_BUY,2.21994909,1740582179,2025-02-26 22:02:59.390646,2025-02-26 22:02:59.390646
485,511,LTCUSDT,1h,STRONG_BUY,126.93,1740582189,2025-02-26 22:03:09.110138,2025-02-26 22:03:09.110138
486,512,BELUSDT,1h,STRONG_BUY,1.03031516,1740582200,2025-02-26 22:03:20.297011,2025-02-26 22:03:20.297011
487,513,RIFUSDT,1h,STRONG_SELL,0.04954,1740582201,2025-02-26 22:03:21.920003,2025-02-26 22:03:21.920003
488,514,TWTUSDT,1h,STRONG_BUY,1.04765379,1740582206,2025-02-26 22:03:26.404938,2025-02-26 22:03:26.404938
489,515,BNXUSDT,1h,STRONG_BUY,1.2781026,1740582211,2025-02-26 22:03:31.541592,2025-02-26 22:03:31.541592
490,516,ENAUSDT,1h,STRONG_BUY,0.422,1740582229,2025-02-26 22:03:49.226056,2025-02-26 22:03:49.226056
491,517,ACTUSDT,1h,STRONG_BUY,0.22991,1740582237,2025-02-26 22:03:57.384236,2025-02-26 22:03:57.384236
492,518,LAYERUSDT,1h,STRONG_BUY,0.759,1740582245,2025-02-26 22:04:05.489401,2025-02-26 22:04:05.489401
493,519,RUNEUSDT,1h,STRONG_BUY,1.62671766,1740585603,2025-02-26 23:00:03.155548,2025-02-26 23:00:03.155548
494,520,BALUSDT,1h,STRONG_SELL,1.822,1740585608,2025-02-26 23:00:08.083982,2025-02-26 23:00:08.083982
495,521,ETHUSDT,1h,SELL,2429,1740585618,2025-02-26 23:00:18.237529,2025-02-26 23:00:18.237529
496,522,DGBUSDT,1h,STRONG_BUY,0.00796963,1740585622,2025-02-26 23:00:22.217503,2025-02-26 23:00:22.217503
497,523,NEIROUSDT,1h,STRONG_BUY,0.00038831,1740585627,2025-02-26 23:00:27.372001,2025-02-26 23:00:27.372001
498,524,SUSDT,1h,STRONG_SELL,0.73049917,1740585648,2025-02-26 23:00:48.021320,2025-02-26 23:00:48.021320
499,525,IDEXUSDT,1h,STRONG_SELL,0.03288103,1740585649,2025-02-26 23:00:49.593884,2025-02-26 23:00:49.593884
500,526,OGNUSDT,1h,STRONG_SELL,0.07149038,1740585657,2025-02-26 23:00:57.967740,2025-02-26 23:00:57.967740
501,527,VIDTUSDT,1h,STRONG_BUY,0.01788,1740585659,2025-02-26 23:00:59.216995,2025-02-26 23:00:59.216995
502,528,ZENUSDT,1h,STRONG_BUY,13.27855305,1740585745,2025-02-26 23:02:25.134575,2025-02-26 23:02:25.134575
503,529,BTCUSDT,1h,SELL,87507.91488889,1740585806,2025-02-26 23:03:26.998014,2025-02-26 23:03:26.998014
504,530,PEOPLEUSDT,1h,STRONG_BUY,0.02053608,1740585808,2025-02-26 23:03:28.783903,2025-02-26 23:03:28.783903
505,531,FXSUSDT,1h,STRONG_SELL,1.55383106,1740585838,2025-02-26 23:03:58.755491,2025-02-26 23:03:58.755491
506,532,1000SATSUSDT,4h,STRONG_BUY,0.0001385,1740586136,2025-02-26 23:08:56.115503,2025-02-26 23:08:56.115503
507,533,PENDLEUSDT,4h,STRONG_SELL,2.85063877,1740586150,2025-02-26 23:09:10.922968,2025-02-26 23:09:10.922968
508,534,FXSUSDT,4h,STRONG_SELL,1.54885379,1740586178,2025-02-26 23:09:38.913721,2025-02-26 23:09:38.913721
509,535,SCUSDT,4h,STRONG_SELL,0.00368769,1740586183,2025-02-26 23:09:43.182620,2025-02-26 23:09:43.182620
510,536,POWRUSDT,4h,STRONG_SELL,0.19405275,1740586186,2025-02-26 23:09:46.358683,2025-02-26 23:09:46.358683
511,537,BNXUSDT,4h,STRONG_BUY,1.2769,1740586187,2025-02-26 23:09:47.006729,2025-02-26 23:09:47.006729
512,538,ETHUSDT,4h,STRONG_SELL,2413.38,1740586195,2025-02-26 23:09:55.485364,2025-02-26 23:09:55.485364
513,539,LDOUSDT,4h,STRONG_SELL,1.36615028,1740586223,2025-02-26 23:10:23.084662,2025-02-26 23:10:23.084662
514,540,SUNUSDT,4h,STRONG_SELL,0.01730088,1740586230,2025-02-26 23:10:30.066697,2025-02-26 23:10:30.066697
515,541,BTCUSDT,4h,STRONG_SELL,86896.2,1740586234,2025-02-26 23:10:34.643543,2025-02-26 23:10:34.643543
516,542,VANAUSDT,4h,STRONG_BUY,8.74893272,1740586248,2025-02-26 23:10:48.487278,2025-02-26 23:10:48.487278
517,543,QTUMUSDT,4h,STRONG_SELL,2.57734369,1740586259,2025-02-26 23:10:59.196128,2025-02-26 23:10:59.196128
518,544,BERAUSDT,4h,STRONG_BUY,7.802,1740586265,2025-02-26 23:11:05.240658,2025-02-26 23:11:05.240658
519,545,TRUMPUSDT,4h,STRONG_SELL,13.03934848,1740586266,2025-02-26 23:11:06.215378,2025-02-26 23:11:06.215378
520,546,CKBUSDT,4h,STRONG_SELL,0.00574887,1740586279,2025-02-26 23:11:19.654891,2025-02-26 23:11:19.654891
521,547,MDTUSDT,4h,STRONG_SELL,0.02844508,1740586282,2025-02-26 23:11:22.941350,2025-02-26 23:11:22.941350
522,548,BALUSDT,4h,STRONG_SELL,1.806,1740586292,2025-02-26 23:11:32.324864,2025-02-26 23:11:32.324864
523,549,1000CHEEMSUSDT,4h,STRONG_SELL,0.00089241,1740586301,2025-02-26 23:11:41.840793,2025-02-26 23:11:41.840793
524,550,INJUSDT,4h,STRONG_SELL,13.19857745,1740586309,2025-02-26 23:11:49.733994,2025-02-26 23:11:49.733994
525,551,POLYXUSDT,4h,STRONG_SELL,0.1592,1740586311,2025-02-26 23:11:51.312167,2025-02-26 23:11:51.312167
526,552,OGNUSDT,4h,STRONG_SELL,0.07136615,1740586321,2025-02-26 23:12:01.695476,2025-02-26 23:12:01.695476
527,553,KAITOUSDT,4h,STRONG_BUY,2.3683,1740586324,2025-02-26 23:12:04.297262,2025-02-26 23:12:04.297262
528,554,ENSUSDT,4h,STRONG_SELL,22.264,1740586332,2025-02-26 23:12:12.321367,2025-02-26 23:12:12.321367
529,555,NMRUSDT,4h,STRONG_SELL,10.23,1740586339,2025-02-26 23:12:19.894771,2025-02-26 23:12:19.894771
530,556,ADAUSDT,4h,STRONG_SELL,0.67134668,1740586340,2025-02-26 23:12:20.552208,2025-02-26 23:12:20.552208
531,557,VELODROMEUSDT,1h,STRONG_SELL,0.06209,1740587100,2025-02-26 23:25:00.513947,2025-02-26 23:25:00.513947
532,558,FXSUSDT,1h,STRONG_SELL,1.53572152,1740587102,2025-02-26 23:25:02.748000,2025-02-26 23:25:02.748000
533,559,BALUSDT,1h,STRONG_SELL,1.794,1740587103,2025-02-26 23:25:03.963148,2025-02-26 23:25:03.963148
534,560,PHBUSDT,1h,STRONG_SELL,0.7867,1740587106,2025-02-26 23:25:06.591901,2025-02-26 23:25:06.591901
535,561,STRAXUSDT,1h,STRONG_SELL,0.04808684,1740587107,2025-02-26 23:25:07.493893,2025-02-26 23:25:07.493893
536,562,TRUMPUSDT,1h,STRONG_SELL,12.9910057,1740587109,2025-02-26 23:25:09.838016,2025-02-26 23:25:09.838016
537,563,UNIUSDT,1h,STRONG_SELL,8.045,1740587112,2025-02-26 23:25:12.355142,2025-02-26 23:25:12.355142
538,564,LDOUSDT,1h,STRONG_SELL,1.35476185,1740587126,2025-02-26 23:25:26.575403,2025-02-26 23:25:26.575403
539,565,AXLUSDT,1h,STRONG_SELL,0.43147587,1740587141,2025-02-26 23:25:41.253297,2025-02-26 23:25:41.253297
540,566,BTCUSDT,1h,STRONG_SELL,86804.2,1740587150,2025-02-26 23:25:50.890920,2025-02-26 23:25:50.890920
541,567,METISUSDT,1h,STRONG_SELL,24.49089056,1740587160,2025-02-26 23:26:00.955696,2025-02-26 23:26:00.955696
542,568,OPUSDT,1h,STRONG_BUY,1.1258616,1740587167,2025-02-26 23:26:07.698732,2025-02-26 23:26:07.698732
543,569,TRXUSDT,1h,STRONG_SELL,0.22798632,1740587173,2025-02-26 23:26:13.640583,2025-02-26 23:26:13.640583
544,570,RONINUSDT,1h,STRONG_SELL,1.0281,1740587183,2025-02-26 23:26:23.390473,2025-02-26 23:26:23.390473
545,571,STEEMUSDT,1h,STRONG_SELL,0.15199949,1740587193,2025-02-26 23:26:33.262698,2025-02-26 23:26:33.262698
546,572,BNBUSDT,1h,STRONG_SELL,618.76358459,1740587213,2025-02-26 23:26:53.424429,2025-02-26 23:26:53.424429
547,573,TIAUSDT,1h,STRONG_BUY,3.9533,1740587223,2025-02-26 23:27:03.121247,2025-02-26 23:27:03.121247
548,574,RVNUSDT,1h,STRONG_SELL,0.01354885,1740587224,2025-02-26 23:27:04.388041,2025-02-26 23:27:04.388041
549,575,SUNUSDT,1h,STRONG_SELL,0.01725651,1740587225,2025-02-26 23:27:05.879602,2025-02-26 23:27:05.879602
550,576,1INCHUSDT,1h,STRONG_SELL,0.2509,1740587227,2025-02-26 23:27:07.919923,2025-02-26 23:27:07.919923
551,577,SNXUSDT,1h,STRONG_SELL,0.87914272,1740587228,2025-02-26 23:27:08.756144,2025-02-26 23:27:08.756144
552,578,MTLUSDT,1h,STRONG_SELL,0.87653058,1740587230,2025-02-26 23:27:10.214771,2025-02-26 23:27:10.214771
553,579,WUSDT,1h,STRONG_SELL,0.13719298,1740587231,2025-02-26 23:27:11.417791,2025-02-26 23:27:11.417791
554,580,XRPUSDT,1h,STRONG_SELL,2.2567,1740587243,2025-02-26 23:27:23.161280,2025-02-26 23:27:23.161280
555,581,SOLVUSDT,1h,STRONG_BUY,0.03811699,1740587250,2025-02-26 23:27:30.353171,2025-02-26 23:27:30.353171
556,582,WAXPUSDT,1h,STRONG_SELL,0.02953194,1740587251,2025-02-26 23:27:31.611203,2025-02-26 23:27:31.611203
557,583,UMAUSDT,1h,STRONG_SELL,1.48166938,1740587254,2025-02-26 23:27:34.846373,2025-02-26 23:27:34.846373
558,584,DOGEUSDT,1h,STRONG_SELL,0.20733855,1740587257,2025-02-26 23:27:37.600919,2025-02-26 23:27:37.600919
559,585,KAITOUSDT,1h,STRONG_BUY,2.39990747,1740587266,2025-02-26 23:27:46.094721,2025-02-26 23:27:46.094721
560,586,ICXUSDT,1h,STRONG_SELL,0.1196,1740587267,2025-02-26 23:27:47.273834,2025-02-26 23:27:47.273834
561,587,SOLUSDT,1h,STRONG_SELL,138.26073741,1740587283,2025-02-26 23:28:03.941495,2025-02-26 23:28:03.941495
562,588,POLYXUSDT,1h,STRONG_SELL,0.15936054,1740587296,2025-02-26 23:28:16.335383,2025-02-26 23:28:16.335383
563,589,OMUSDT,1h,STRONG_SELL,7.50196081,1740587298,2025-02-26 23:28:18.193330,2025-02-26 23:28:18.193330
564,590,OGNUSDT,1h,STRONG_SELL,0.07137818,1740587318,2025-02-26 23:28:38.194780,2025-02-26 23:28:38.194780
565,591,ARKUSDT,1h,STRONG_SELL,0.4175,1740587320,2025-02-26 23:28:40.578578,2025-02-26 23:28:40.578578
566,592,HOTUSDT,1h,STRONG_SELL,0.00139939,1740587346,2025-02-26 23:29:06.216594,2025-02-26 23:29:06.216594
567,593,PNUTUSDT,1h,STRONG_BUY,0.2131913,1740587356,2025-02-26 23:29:16.265972,2025-02-26 23:29:16.265972
568,594,QTUMUSDT,1h,STRONG_SELL,2.5731339,1740587402,2025-02-26 23:30:02.639293,2025-02-26 23:30:02.639293
569,595,POWRUSDT,1h,STRONG_SELL,0.1928,1740587406,2025-02-26 23:30:06.702989,2025-02-26 23:30:06.702989
570,596,MOVRUSDT,1h,STRONG_SELL,7.2598522,1740587409,2025-02-26 23:30:09.538202,2025-02-26 23:30:09.538202
571,597,1000CHEEMSUSDT,1h,STRONG_SELL,0.00088989,1740587426,2025-02-26 23:30:26.055689,2025-02-26 23:30:26.055689
572,598,SUSDT,1h,STRONG_SELL,0.724,1740587430,2025-02-26 23:30:30.246445,2025-02-26 23:30:30.246445
573,599,ENSUSDT,1h,STRONG_SELL,22.27597685,1740587456,2025-02-26 23:30:56.829637,2025-02-26 23:30:56.829637
574,600,PENDLEUSDT,1h,STRONG_SELL,2.8231,1740587458,2025-02-26 23:30:58.494735,2025-02-26 23:30:58.494735
575,601,ETHUSDT,1h,STRONG_SELL,2401.68,1740587462,2025-02-26 23:31:02.407266,2025-02-26 23:31:02.407266
576,602,IDEXUSDT,1h,STRONG_SELL,0.03274312,1740587468,2025-02-26 23:31:08.485212,2025-02-26 23:31:08.485212
577,603,MDTUSDT,1h,STRONG_SELL,0.02818214,1740587480,2025-02-26 23:31:20.982589,2025-02-26 23:31:20.982589
578,604,CKBUSDT,1h,STRONG_SELL,0.00573759,1740587485,2025-02-26 23:31:25.527514,2025-02-26 23:31:25.527514
579,605,STGUSDT,1h,STRONG_SELL,0.24632372,1740587493,2025-02-26 23:31:33.996420,2025-02-26 23:31:33.996420
580,606,SFPUSDT,1h,STRONG_SELL,0.6214,1740587514,2025-02-26 23:31:54.075438,2025-02-26 23:31:54.075438
581,607,LSKUSDT,1h,STRONG_SELL,0.67369654,1740587515,2025-02-26 23:31:55.089610,2025-02-26 23:31:55.089610
582,608,MEUSDT,1h,STRONG_SELL,1.33134747,1740587537,2025-02-26 23:32:17.313615,2025-02-26 23:32:17.313615
583,609,ADAUSDT,1h,STRONG_SELL,0.673,1740587561,2025-02-26 23:32:41.313683,2025-02-26 23:32:41.313683
584,610,ETHFIUSDT,1h,STRONG_SELL,0.9515,1740587604,2025-02-26 23:33:24.769758,2025-02-26 23:33:24.769758
585,611,1000CHEEMSUSDT,1h,STRONG_SELL,0.000884,1740589201,2025-02-27 00:00:01.761090,2025-02-27 00:00:01.761090
586,612,SUNUSDT,1h,STRONG_SELL,0.017229,1740589205,2025-02-27 00:00:05.080829,2025-02-27 00:00:05.080829
587,613,1INCHUSDT,1h,STRONG_SELL,0.2506,1740589210,2025-02-27 00:00:10.212900,2025-02-27 00:00:10.212900
588,614,XRPUSDT,1h,STRONG_SELL,2.25640189,1740589211,2025-02-27 00:00:11.568022,2025-02-27 00:00:11.568022
589,615,PNUTUSDT,1h,STRONG_BUY,0.2143714,1740589215,2025-02-27 00:00:15.615848,2025-02-27 00:00:15.615848
590,616,CKBUSDT,1h,STRONG_SELL,0.00573839,1740589218,2025-02-27 00:00:18.533978,2025-02-27 00:00:18.533978
591,617,BNBUSDT,1h,STRONG_SELL,618.79,1740589220,2025-02-27 00:00:20.499785,2025-02-27 00:00:20.499785
592,618,HIVEUSDT,1h,STRONG_SELL,0.28493,1740589229,2025-02-27 00:00:29.660217,2025-02-27 00:00:29.660217
593,619,BNTUSDT,1h,STRONG_SELL,0.46194271,1740589233,2025-02-27 00:00:33.521753,2025-02-27 00:00:33.521753
594,620,BTCUSDT,1h,SELL,86772.8,1740589241,2025-02-27 00:00:41.792361,2025-02-27 00:00:41.792361
595,621,PENDLEUSDT,1h,STRONG_SELL,2.8025,1740589249,2025-02-27 00:00:49.145935,2025-02-27 00:00:49.145935
596,622,LSKUSDT,1h,STRONG_SELL,0.67179165,1740589290,2025-02-27 00:01:30.594132,2025-02-27 00:01:30.594132
597,623,IMXUSDT,1h,STRONG_BUY,0.72942237,1740589292,2025-02-27 00:01:32.939461,2025-02-27 00:01:32.939461
598,624,UMAUSDT,1h,STRONG_SELL,1.47585319,1740589307,2025-02-27 00:01:47.066159,2025-02-27 00:01:47.066159
599,625,LTCUSDT,1h,STRONG_BUY,127.79536259,1740589311,2025-02-27 00:01:51.397909,2025-02-27 00:01:51.397909
600,626,ETHUSDT,1h,SELL,2400.35,1740589322,2025-02-27 00:02:02.832098,2025-02-27 00:02:02.832098
601,627,DOTUSDT,1h,STRONG_BUY,4.91619916,1740589324,2025-02-27 00:02:04.723085,2025-02-27 00:02:04.723085
602,628,ZECUSDT,1h,STRONG_BUY,36.32201981,1740589378,2025-02-27 00:02:58.661139,2025-02-27 00:02:58.661139
603,629,RUNEUSDT,1h,STRONG_BUY,1.64043713,1740589396,2025-02-27 00:03:16.946758,2025-02-27 00:03:16.946758
604,630,SUSDT,1h,STRONG_SELL,0.71875026,1740589402,2025-02-27 00:03:22.585116,2025-02-27 00:03:22.585116
605,631,1000SATSUSDT,1h,STRONG_BUY,0.00014018,1740622645,2025-02-27 02:17:25.000000,2025-02-27 09:17:25.000000
606,632,TNSRUSDT,1h,STRONG_BUY,0.49922424,1740622657,2025-02-27 02:17:37.000000,2025-02-27 09:17:37.000000
607,633,ACEUSDT,1h,STRONG_BUY,0.98360091,1740622671,2025-02-27 02:17:51.000000,2025-02-27 09:17:51.000000
608,634,ETHUSDT,1h,SELL,2352.2398254,1740622734,2025-02-27 02:18:54.000000,2025-02-27 09:18:54.000000
609,635,ZECUSDT,1h,STRONG_BUY,36.73677472,1740622742,2025-02-27 02:19:02.000000,2025-02-27 09:19:02.000000
610,636,USUALUSDT,1h,STRONG_BUY,0.22954561,1740622743,2025-02-27 02:19:03.000000,2025-02-27 09:19:03.000000
611,637,OPUSDT,1h,STRONG_BUY,1.20379606,1740622769,2025-02-27 02:19:29.000000,2025-02-27 09:19:29.000000
612,638,BTCUSDT,1h,SELL,84917.7002963,1740622798,2025-02-27 02:19:58.000000,2025-02-27 09:19:58.000000
613,639,SOLVUSDT,1h,STRONG_BUY,0.03728736,1740622832,2025-02-27 02:20:32.000000,2025-02-27 09:20:32.000000
614,640,AGLDUSDT,1h,STRONG_BUY,1.51309947,1740622849,2025-02-27 02:20:49.000000,2025-02-27 09:20:49.000000
615,641,BBUSDT,1h,STRONG_BUY,0.17044211,1740622855,2025-02-27 02:20:55.000000,2025-02-27 09:20:55.000000
