entry_time,exit_time,side,entry_price,exit_price,quantity,notional,pnl,pnl_pct,commission,slippage_cost,exit_reason,stop_loss,peak_price,max_favorable_pct,max_adverse_pct
2023-01-09 00:00:00+00:00,2023-01-14 08:00:00+00:00,LONG,17205.5985,20609.9499,0.58120617,10000.0,1945.66,19.7863,21.9786,10.9893,TRAILING_STOP,17068.0539,21258.0,23.5528,0.451
2023-01-20 20:00:00+00:00,2023-01-22 00:00:00+00:00,LONG,22678.5436,22659.3107,0.42371222,9609.18,-36.96,-0.0848,19.2102,9.6051,TRAILING_STOP,22114.6863,23371.8,3.0569,1.1312
2023-02-15 12:00:00+00:00,2023-02-16 20:00:00+00:00,LONG,22820.8647,24480.2538,0.52183376,11908.7,828.9,7.2714,24.6833,12.3417,TRAILING_STOP,22414.5468,25250.0,10.6444,0.3323
2023-03-13 12:00:00+00:00,2023-03-14 16:00:00+00:00,LONG,23993.7109,25582.4663,0.27147598,6513.72,411.12,6.6215,13.4587,6.7294,TRAILING_STOP,23055.3149,26386.87,9.9741,0.9949
2023-04-09 20:00:00+00:00,2023-04-14 16:00:00+00:00,LONG,28337.9219,30054.965,0.46399728,13148.72,756.06,6.0592,27.0941,13.5471,TRAILING_STOP,27966.6226,31000.0,9.394,0.5926
2023-04-25 20:00:00+00:00,2023-04-26 16:00:00+00:00,LONG,28314.9404,27705.8162,0.46718006,13228.18,-323.83,-2.1512,26.1718,13.0859,STOP_LOSS,27719.6761,30036.0,6.0783,2.1928
2023-05-23 00:00:00+00:00,2023-05-24 00:00:00+00:00,LONG,27380.3533,26991.9173,0.49601085,13580.95,-233.12,-1.4187,26.9692,13.4846,STOP_LOSS,27005.42,27495.83,0.4218,2.6679
2023-05-28 16:00:00+00:00,2023-05-29 12:00:00+00:00,LONG,27539.753,27579.9289,0.48467501,13347.83,-20.6,0.1459,26.7151,13.3576,TRAILING_STOP,27159.9182,28447.14,3.2948,0.05
2023-06-20 16:00:00+00:00,2023-06-21 20:00:00+00:00,LONG,27996.7614,29861.062,0.47602755,13327.23,846.15,6.659,27.5419,13.771,TRAILING_STOP,27466.8413,30800.0,10.0127,0.4456
2023-06-23 12:00:00+00:00,2023-06-23 20:00:00+00:00,LONG,31253.619,30469.3423,0.36860185,11520.14,-323.21,-2.5094,22.7512,11.3756,STOP_LOSS,30484.5846,31431.94,0.5706,2.5614
2023-07-10 16:00:00+00:00,2023-07-10 20:00:00+00:00,LONG,30852.8187,30447.4335,0.44891077,13850.16,-223.26,-1.3139,27.5183,13.7592,STOP_LOSS,30462.6649,31045.78,0.6254,2.1483
2023-07-13 16:00:00+00:00,2023-07-13 20:00:00+00:00,LONG,31621.813,31067.9654,0.43093365,13626.9,-279.19,-1.7515,27.0151,13.5076,STOP_LOSS,31083.5071,31691.46,0.2202,1.9664
2023-08-01 20:00:00+00:00,2023-08-02 12:00:00+00:00,LONG,29720.843,29335.9357,0.44910264,13347.71,-212.65,-1.2951,26.5226,13.2613,STOP_LOSS,29350.611,30047.5,1.0991,1.8566
2023-08-08 12:00:00+00:00,2023-08-10 16:00:00+00:00,LONG,29550.1577,29322.0117,0.44450058,13135.06,-140.66,-0.7721,26.1687,13.0844,TRAILING_STOP,29257.7628,30244.0,2.348,0.7782
2023-08-14 12:00:00+00:00,2023-08-14 16:00:00+00:00,LONG,29614.79,29383.3585,0.4387807,12994.4,-140.38,-0.7815,25.8872,12.9436,STOP_LOSS,29398.0575,29695.32,0.2719,1.2081
2023-08-23 16:00:00+00:00,2023-08-24 12:00:00+00:00,LONG,26645.316,26187.6025,0.48241198,12854.02,-259.04,-1.7178,25.4872,12.7436,STOP_LOSS,26200.7029,26723.99,0.2953,2.4567
2023-08-29 12:00:00+00:00,2023-08-30 00:00:00+00:00,LONG,27437.1517,27284.9152,0.45904846,12594.98,-107.56,-0.5549,25.1201,12.56,TRAILING_STOP,27022.4277,28142.85,2.5721,0.5692
2023-09-07 20:00:00+00:00,2023-09-08 08:00:00+00:00,LONG,26268.1275,25924.1735,0.47538288,12487.42,-200.73,-1.3094,24.8113,12.4057,STOP_LOSS,25937.1421,26445.5,0.6752,2.3636
2023-09-12 08:00:00+00:00,2023-09-13 00:00:00+00:00,LONG,26112.0395,25757.105,0.47053741,12286.69,-203.62,-1.3593,24.4064,12.2032,TRAILING_STOP,25653.3452,26567.0,1.7423,1.3322
2023-09-14 12:00:00+00:00,2023-09-21 08:00:00+00:00,LONG,26707.317,26645.7334,0.45242552,12083.07,-64.07,-0.2306,24.1383,12.0691,TRAILING_STOP,26221.4907,27483.57,2.9065,1.8097
2023-09-27 08:00:00+00:00,2023-09-27 12:00:00+00:00,LONG,26780.0834,26463.7029,0.44880377,12019.0,-177.84,-1.1814,23.896,11.948,STOP_LOSS,26476.9413,26850.0,0.2611,2.2804
2023-09-28 12:00:00+00:00,2023-10-02 16:00:00+00:00,LONG,27033.51,27708.7387,0.43801806,11841.17,259.8,2.4977,23.9781,11.989,TRAILING_STOP,26656.9136,28580.0,5.7206,1.3626
2023-10-15 20:00:00+00:00,2023-10-16 16:00:00+00:00,LONG,27167.7271,29085.45,0.44541676,12100.96,816.6,7.0588,25.0561,12.5281,TRAILING_STOP,26916.5773,30000.0,10.4251,0.2027
2023-10-20 08:00:00+00:00,2023-10-24 00:00:00+00:00,LONG,29854.91,33682.8029,0.43014975,12842.08,1605.57,12.8217,27.3307,13.6654,TRAILING_STOP,29254.3023,35280.0,18.1715,1.7883
2023-11-01 20:00:00+00:00,2023-11-02 12:00:00+00:00,LONG,35439.1407,34748.7871,0.40980491,14523.13,-326.06,-1.948,28.7634,14.3817,STOP_LOSS,34766.1702,35984.99,1.5402,2.5428
2023-11-07 16:00:00+00:00,2023-11-09 16:00:00+00:00,LONG,35471.707,36814.6563,0.40023669,14197.08,494.1,3.786,28.9317,14.4658,TRAILING_STOP,34854.625,37972.24,7.0494,1.0479
2023-11-15 16:00:00+00:00,2023-11-16 12:00:00+00:00,LONG,37518.74,36653.695,0.34701837,13019.69,-338.8,-2.3056,25.7392,12.8696,STOP_LOSS,36672.031,37980.0,1.2294,3.3652
2023-11-20 16:00:00+00:00,2023-11-21 12:00:00+00:00,LONG,37588.0146,36857.1246,0.38183403,14352.38,-321.72,-1.9445,28.4257,14.2128,STOP_LOSS,36875.5624,37649.44,0.1634,3.5597
2023-11-24 12:00:00+00:00,2023-11-26 12:00:00+00:00,LONG,38240.2206,37467.8031,0.36690861,14030.67,-325.07,-2.0199,27.7779,13.889,STOP_LOSS,37486.5464,38349.0,0.2845,2.4927
2023-11-28 16:00:00+00:00,2023-11-30 12:00:00+00:00,LONG,38133.3171,37513.606,0.35941254,13705.59,-263.51,-1.6251,27.1885,13.5942,STOP_LOSS,37532.3722,38450.0,0.8305,1.6608
2023-12-01 08:00:00+00:00,2023-12-07 08:00:00+00:00,LONG,38599.4601,43131.7833,0.34824523,13442.08,1535.67,11.7419,28.4625,14.2313,TRAILING_STOP,37988.0389,44488.0,15.2555,0.9857
2023-12-20 12:00:00+00:00,2023-12-24 20:00:00+00:00,LONG,44049.2136,43050.4662,0.30654052,13502.87,-346.21,-2.2673,26.6996,13.3498,STOP_LOSS,43072.0022,44398.26,0.7924,3.517
2024-01-01 20:00:00+00:00,2024-01-03 08:00:00+00:00,LONG,44201.6398,44480.9895,0.33101799,14631.54,48.44,0.632,29.3555,14.6778,TRAILING_STOP,43425.2487,45879.63,3.7962,1.5874
2024-01-08 12:00:00+00:00,2024-01-09 12:00:00+00:00,LONG,44985.5215,45808.6045,0.27860518,12533.2,191.37,1.8297,25.2957,12.6479,TRAILING_STOP,43931.7023,47248.99,5.0315,0.4258
2024-01-29 16:00:00+00:00,2024-01-31 08:00:00+00:00,LONG,43017.488,42544.6063,0.34570466,14871.35,-207.85,-1.0993,29.5792,14.7896,TRAILING_STOP,42231.3273,43882.36,2.0105,1.54
2024-02-07 16:00:00+00:00,2024-02-13 12:00:00+00:00,LONG,43637.2777,48833.1229,0.3360315,14663.5,1699.36,11.9069,31.073,15.5365,TRAILING_STOP,42977.7777,50368.61,15.4256,0.05
2024-02-14 08:00:00+00:00,2024-02-17 12:00:00+00:00,LONG,51580.8976,51206.5053,0.26702943,13773.62,-141.14,-0.7258,27.4473,13.7236,TRAILING_STOP,50355.3504,52816.62,2.3957,1.8532
2024-02-26 12:00:00+00:00,2024-02-28 16:00:00+00:00,LONG,52868.7412,59489.4404,0.30682996,16221.71,1979.72,12.5229,34.4749,17.2374,TRAILING_STOP,52042.9578,64000.0,21.0545,0.2184
2024-03-04 08:00:00+00:00,2024-03-05 04:00:00+00:00,LONG,65262.615,66592.8829,0.23122128,15090.11,261.85,2.0383,30.4878,15.2439,TRAILING_STOP,63688.2418,68686.8,5.2468,1.1169
2024-03-11 04:00:00+00:00,2024-03-12 16:00:00+00:00,LONG,71055.5,69094.7321,0.19170651,13621.8,-416.19,-2.7595,26.8677,13.4339,STOP_LOSS,69129.2968,73000.0,2.7366,3.4264
2024-03-25 12:00:00+00:00,2024-03-26 12:00:00+00:00,LONG,69826.946,69379.5599,0.16758974,11702.28,-109.97,-0.6407,23.3296,11.6648,TRAILING_STOP,67673.2234,71561.1,2.4835,0.7833
2024-04-08 08:00:00+00:00,2024-04-09 04:00:00+00:00,LONG,72440.202,70791.1595,0.22232021,16104.92,-414.38,-2.2764,31.8432,15.9216,STOP_LOSS,70826.5728,72797.99,0.4939,3.2167
2024-05-15 12:00:00+00:00,2024-05-16 16:00:00+00:00,LONG,64757.4726,64717.075,0.25393165,16443.97,-59.57,-0.0624,32.8777,16.4388,TRAILING_STOP,63377.3579,66752.01,3.08,0.2389
2024-05-20 16:00:00+00:00,2024-05-21 12:00:00+00:00,LONG,70034.99,69784.7202,0.24934914,17463.16,-114.7,-0.3573,34.8639,17.432,TRAILING_STOP,68746.0632,71979.0,2.7758,1.6125
2024-05-27 12:00:00+00:00,2024-05-27 16:00:00+00:00,LONG,70409.0369,69115.3392,0.24639542,17348.46,-370.33,-1.8374,34.3782,17.1891,STOP_LOSS,69149.9142,70687.56,0.3956,1.9032
2024-06-03 12:00:00+00:00,2024-06-07 16:00:00+00:00,LONG,69650.0876,68481.5519,0.2437633,16978.14,-335.35,-1.6777,33.6714,16.8357,STOP_LOSS,68515.8099,71997.02,3.3696,1.7661
2024-07-01 00:00:00+00:00,2024-07-02 08:00:00+00:00,LONG,63469.4088,62420.2712,0.26221738,16642.78,-324.62,-1.653,33.0105,16.5052,STOP_LOSS,62451.4969,63861.76,0.6182,1.683
2024-07-15 00:00:00+00:00,2024-07-16 04:00:00+00:00,LONG,62679.1939,62975.3219,0.22828931,14308.99,24.57,0.4725,28.6856,14.3428,TRAILING_STOP,61249.59,64993.95,3.693,0.6209
2024-07-19 16:00:00+00:00,2024-07-23 04:00:00+00:00,LONG,67190.8386,66387.1033,0.20195306,13569.4,-202.78,-1.1962,26.9765,13.4882,TRAILING_STOP,65572.3696,68474.55,1.9105,2.1042
2024-08-20 00:00:00+00:00,2024-08-20 12:00:00+00:00,LONG,60649.4896,59259.6972,0.23732654,14393.73,-372.52,-2.2915,28.4576,14.2288,STOP_LOSS,59289.3419,61400.0,1.2375,3.2473
2024-08-23 16:00:00+00:00,2024-08-26 20:00:00+00:00,LONG,63660.6544,63018.475,0.1992751,12685.98,-165.84,-1.0088,25.244,12.622,TRAILING_STOP,62078.1751,65000.0,2.1039,1.3519
2024-09-13 12:00:00+00:00,2024-09-15 20:00:00+00:00,LONG,59697.2137,58776.8469,0.23250823,13880.09,-255.31,-1.5417,27.5462,13.7731,TRAILING_STOP,58355.1881,60625.0,1.5542,1.6854
2024-09-17 12:00:00+00:00,2024-09-17 16:00:00+00:00,LONG,61166.0678,59845.4879,0.23780856,14545.81,-357.21,-2.159,28.7776,14.3888,STOP_LOSS,59875.4256,61261.0,0.1552,2.5305
2024-09-19 12:00:00+00:00,2024-09-24 00:00:00+00:00,LONG,63185.617,62772.1018,0.20007415,12641.81,-120.54,-0.6544,25.2009,12.6004,TRAILING_STOP,61687.2649,64745.88,2.4693,1.3225
2024-09-26 12:00:00+00:00,2024-09-30 00:00:00+00:00,LONG,65261.6445,64470.8085,0.22782971,14868.54,-224.51,-1.2118,29.5569,14.7785,TRAILING_STOP,64049.3014,66498.0,1.8945,1.6421
2024-10-07 00:00:00+00:00,2024-10-07 20:00:00+00:00,LONG,63562.2753,62551.518,0.2303887,14644.03,-276.45,-1.5902,29.0552,14.5276,STOP_LOSS,62582.8094,64478.19,1.441,2.2565
2024-10-14 04:00:00+00:00,2024-10-21 12:00:00+00:00,LONG,64653.1804,67400.2174,0.22222542,14367.58,566.44,4.2489,29.3456,14.6728,TRAILING_STOP,63509.429,69519.52,7.5268,0.4829
2024-10-28 16:00:00+00:00,2024-10-31 12:00:00+00:00,LONG,69664.795,71375.8106,0.21436973,14934.02,321.44,2.4561,30.2348,15.1174,TRAILING_STOP,68572.0282,73620.12,5.6777,0.3402
2024-11-06 00:00:00+00:00,2024-11-06 08:00:00+00:00,LONG,74385.7043,73108.3146,0.15039649,11187.35,-225.39,-1.7173,22.1826,11.0913,TRAILING_STOP,72357.0053,75407.1,1.3731,2.3249
2024-11-10 04:00:00+00:00,2024-11-10 20:00:00+00:00,LONG,78871.7862,78598.5714,0.18817379,14841.6,-95.86,-0.3464,29.6318,14.8159,TRAILING_STOP,77274.319,81500.0,3.3323,0.5054
2024-11-11 12:00:00+00:00,2024-11-12 00:00:00+00:00,LONG,84101.5698,86801.2015,0.14320843,12044.05,349.9,3.21,24.4747,12.2374,TRAILING_STOP,82015.9088,89530.54,6.4553,0.3207
2024-11-13 12:00:00+00:00,2024-11-13 20:00:00+00:00,LONG,92586.28,89194.0224,0.0913128,8454.31,-334.65,-3.6639,16.5989,8.2994,STOP_LOSS,89238.6417,93265.64,0.7338,4.9849
2024-11-18 12:00:00+00:00,2024-11-18 16:00:00+00:00,LONG,92355.6648,89742.0153,0.11639452,10749.69,-336.01,-2.83,21.1952,10.5976,STOP_LOSS,89786.9088,92584.95,0.2483,2.9105
2024-11-19 16:00:00+00:00,2024-11-24 12:00:00+00:00,LONG,93274.4839,96552.0695,0.11900029,11099.69,356.15,3.5139,22.5894,11.2947,TRAILING_STOP,90818.4483,99588.01,6.7688,2.0954
2024-12-04 20:00:00+00:00,2024-12-05 12:00:00+00:00,LONG,98636.6137,100914.8773,0.14343467,14147.91,283.85,2.3098,28.6226,14.3113,TRAILING_STOP,96549.3083,104088.0,5.5267,0.7581
2024-12-15 20:00:00+00:00,2024-12-16 12:00:00+00:00,LONG,104516.222,103396.8357,0.14594333,15253.45,-208.88,-1.071,30.3435,15.1718,TRAILING_STOP,102561.6581,106648.0,2.0397,1.1321
2025-01-06 12:00:00+00:00,2025-01-07 08:00:00+00:00,LONG,102199.024,100489.0204,0.14720849,15044.56,-296.48,-1.6732,29.8374,14.9187,STOP_LOSS,100539.29,102724.38,0.5141,1.6894
2025-01-14 08:00:00+00:00,2025-01-16 12:00:00+00:00,LONG,96596.314,97791.7399,0.12648114,12217.61,114.32,1.2375,24.5864,12.2932,TRAILING_STOP,94264.2539,100866.66,4.4208,1.2884
2025-01-20 04:00:00+00:00,2025-01-20 12:00:00+00:00,LONG,107174.2103,105864.4744,0.08203147,8791.66,-133.65,-1.2221,17.4759,8.7379,TRAILING_STOP,103550.6256,109193.23,1.8839,2.5139
2025-03-02 16:00:00+00:00,2025-03-03 04:00:00+00:00,LONG,93568.761,91990.9862,0.08831779,8263.79,-163.93,-1.6862,16.3882,8.1941,TRAILING_STOP,90233.3636,94883.51,1.4051,2.5519
2025-03-14 12:00:00+00:00,2025-03-16 08:00:00+00:00,LONG,84766.9423,82360.2993,0.11134112,9438.05,-295.87,-2.8391,18.6081,9.3041,TRAILING_STOP,82150.6908,84950.0,0.216,2.8142
2025-03-19 16:00:00+00:00,2025-03-20 08:00:00+00:00,LONG,85476.0967,84787.6449,0.1549663,13245.91,-146.26,-0.8054,26.3851,13.1926,TRAILING_STOP,83634.5418,87453.67,2.3136,0.8435
2025-03-24 00:00:00+00:00,2025-03-26 16:00:00+00:00,LONG,86575.336,86059.4159,0.16312594,14122.68,-126.4,-0.5959,28.1612,14.0806,TRAILING_STOP,85334.0765,88765.43,2.5297,0.8263
2025-04-01 12:00:00+00:00,2025-04-02 20:00:00+00:00,LONG,85323.5104,83580.1177,0.16403781,13996.28,-327.54,-2.0433,27.7066,13.8533,STOP_LOSS,83621.9287,88500.0,3.7229,3.5201
2025-04-21 00:00:00+00:00,2025-04-24 08:00:00+00:00,LONG,87249.1628,91809.2409,0.15666327,13668.74,672.32,5.2265,28.0519,14.0259,TRAILING_STOP,86067.1364,94696.05,8.5352,0.985
2025-04-25 12:00:00+00:00,2025-04-28 00:00:00+00:00,LONG,95108.7506,93237.6226,0.1507859,14341.06,-324.74,-1.9674,28.4,14.2,STOP_LOSS,93284.2647,95554.99,0.4692,2.4275
2025-05-01 12:00:00+00:00,2025-05-04 08:00:00+00:00,LONG,96902.7271,95258.2903,0.14464318,14016.32,-279.55,-1.697,27.7948,13.8974,STOP_LOSS,95305.9433,97895.68,1.0247,1.6676
2025-05-06 20:00:00+00:00,2025-05-12 12:00:00+00:00,LONG,96882.437,102593.5441,0.14178803,13736.77,767.34,5.8949,28.2833,14.1417,TRAILING_STOP,95380.1531,105819.45,9.2246,1.1332
2025-05-18 12:00:00+00:00,2025-05-18 16:00:00+00:00,LONG,105570.759,104149.1633,0.13738758,14504.11,-238.53,-1.3466,28.8129,14.4065,STOP_LOSS,104201.2639,105980.0,0.3876,1.629
2025-05-18 20:00:00+00:00,2025-05-19 00:00:00+00:00,LONG,106507.4871,104700.9265,0.13393972,14265.58,-284.4,-1.6962,28.2892,14.1446,STOP_LOSS,104753.3031,107108.62,0.5644,2.7914
2025-05-21 12:00:00+00:00,2025-05-21 16:00:00+00:00,LONG,109027.8367,106819.6015,0.12823494,13981.18,-324.69,-2.0254,27.6792,13.8396,STOP_LOSS,106873.038,109845.0,0.7495,2.6692
2025-06-03 12:00:00+00:00,2025-06-04 12:00:00+00:00,LONG,106663.9653,105026.5842,0.12803281,13656.49,-250.29,-1.5351,27.1033,13.5517,STOP_LOSS,105079.1238,106666.67,0.0025,2.3297
2025-06-09 08:00:00+00:00,2025-06-12 08:00:00+00:00,LONG,107813.0896,107160.6578,0.12434662,13406.19,-121.22,-0.6052,26.7313,13.3656,TRAILING_STOP,106469.5513,110530.17,2.5202,0.884
